row_type,run_id,run_display_name,split,policy_name,policy_short_name,match_method,match_warnings,n_rows,all_five_blank_rows,all_five_blank_pct,rows_with_at_least_one_positive,rows_with_at_least_one_positive_pct,rows_with_no_valid_labels,rows_with_no_valid_labels_pct,total_valid_label_instances,total_possible_label_instances,valid_label_fraction,valid_label_count,macro_auroc,macro_auprc,micro_auroc,micro_auprc,macro_auroc_defined,macro_auprc_defined,micro_auroc_defined,micro_auprc_defined,macro_auroc_comparable,macro_auprc_comparable,micro_auroc_comparable,micro_auprc_comparable,comparability_note,label,n_valid,n_positive,n_negative,n_uncertain_raw,n_blank_raw,label_valid,auroc,auprc
overall,nih_to_mimic,no adaptation,val,current_uzero_blankzero,Policy A,dicom_id,,958,367,0.38308977035490605,472,0.49269311064718163,0,0.0,4790,4790,1.0,5,0.6790064157830206,0.26331649088315073,0.6357947238375052,0.23430275782482382,True,True,True,True,True,True,True,True,All label instances remain in the evaluation set.,,,,,,,,,
label,nih_to_mimic,no adaptation,val,current_uzero_blankzero,Policy A,dicom_id,,958,367,0.38308977035490605,472,0.49269311064718163,0,0.0,4790,4790,1.0,5,0.6790064157830206,0.26331649088315073,0.6357947238375052,0.23430275782482382,True,True,True,True,True,True,True,True,All label instances remain in the evaluation set.,Atelectasis,958,194,764,52,708,True,0.6243185620985588,0.262793953341996
label,nih_to_mimic,no adaptation,val,current_uzero_blankzero,Policy A,dicom_id,,958,367,0.38308977035490605,472,0.49269311064718163,0,0.0,4790,4790,1.0,5,0.6790064157830206,0.26331649088315073,0.6357947238375052,0.23430275782482382,True,True,True,True,True,True,True,True,All label instances remain in the evaluation set.,Cardiomegaly,958,205,753,29,661,True,0.6467139571794123,0.2835499787426393
label,nih_to_mimic,no adaptation,val,current_uzero_blankzero,Policy A,dicom_id,,958,367,0.38308977035490605,472,0.49269311064718163,0,0.0,4790,4790,1.0,5,0.6790064157830206,0.26331649088315073,0.6357947238375052,0.23430275782482382,True,True,True,True,True,True,True,True,All label instances remain in the evaluation set.,Consolidation,958,52,906,24,855,True,0.6708481915435559,0.08854571362782274
label,nih_to_mimic,no adaptation,val,current_uzero_blankzero,Policy A,dicom_id,,958,367,0.38308977035490605,472,0.49269311064718163,0,0.0,4790,4790,1.0,5,0.6790064157830206,0.26331649088315073,0.6357947238375052,0.23430275782482382,True,True,True,True,True,True,True,True,All label instances remain in the evaluation set.,Edema,958,131,827,60,669,True,0.7398949574014417,0.27283900141541084
label,nih_to_mimic,no adaptation,val,current_uzero_blankzero,Policy A,dicom_id,,958,367,0.38308977035490605,472,0.49269311064718163,0,0.0,4790,4790,1.0,5,0.6790064157830206,0.26331649088315073,0.6357947238375052,0.23430275782482382,True,True,True,True,True,True,True,True,All label instances remain in the evaluation set.,Effusion,958,249,709,27,588,True,0.7132564106921339,0.4088538072878848
overall,nih_to_mimic,no adaptation,val,uignore_blankzero,Policy B,dicom_id,,958,367,0.38308977035490605,472,0.49269311064718163,0,0.0,4598,4790,0.9599164926931106,5,0.6855827207935752,0.2770689011870319,0.6430632795985914,0.24825422522053275,True,True,True,True,True,True,False,False,"All five labels remain valid, but some label instances are masked.",,,,,,,,,
label,nih_to_mimic,no adaptation,val,uignore_blankzero,Policy B,dicom_id,,958,367,0.38308977035490605,472,0.49269311064718163,0,0.0,4598,4790,0.9599164926931106,5,0.6855827207935752,0.2770689011870319,0.6430632795985914,0.24825422522053275,True,True,True,True,True,True,False,False,"All five labels remain valid, but some label instances are masked.",Atelectasis,906,194,712,52,708,True,0.6311319935132631,0.28095272650759184
label,nih_to_mimic,no adaptation,val,uignore_blankzero,Policy B,dicom_id,,958,367,0.38308977035490605,472,0.49269311064718163,0,0.0,4598,4790,0.9599164926931106,5,0.6855827207935752,0.2770689011870319,0.6430632795985914,0.24825422522053275,True,True,True,True,True,True,False,False,"All five labels remain valid, but some label instances are masked.",Cardiomegaly,929,205,724,29,661,True,0.6492723352647891,0.2918600866958381
label,nih_to_mimic,no adaptation,val,uignore_blankzero,Policy B,dicom_id,,958,367,0.38308977035490605,472,0.49269311064718163,0,0.0,4598,4790,0.9599164926931106,5,0.6855827207935752,0.2770689011870319,0.6430632795985914,0.24825422522053275,True,True,True,True,True,True,False,False,"All five labels remain valid, but some label instances are masked.",Consolidation,934,52,882,24,855,True,0.6773940345368916,0.09291522613127201
label,nih_to_mimic,no adaptation,val,uignore_blankzero,Policy B,dicom_id,,958,367,0.38308977035490605,472,0.49269311064718163,0,0.0,4598,4790,0.9599164926931106,5,0.6855827207935752,0.2770689011870319,0.6430632795985914,0.24825422522053275,True,True,True,True,True,True,False,False,"All five labels remain valid, but some label instances are masked.",Edema,898,131,767,60,669,True,0.7523114742677429,0.29780769137705043
label,nih_to_mimic,no adaptation,val,uignore_blankzero,Policy B,dicom_id,,958,367,0.38308977035490605,472,0.49269311064718163,0,0.0,4598,4790,0.9599164926931106,5,0.6855827207935752,0.2770689011870319,0.6430632795985914,0.24825422522053275,True,True,True,True,True,True,False,False,"All five labels remain valid, but some label instances are masked.",Effusion,931,249,682,27,588,True,0.7178037663851888,0.4218087752234073
overall,nih_to_mimic,no adaptation,val,uignore_blankignore,Policy C,dicom_id,,958,367,0.38308977035490605,472,0.49269311064718163,402,0.4196242171189979,1117,4790,0.23319415448851774,5,0.6863958523033334,0.8565257199449496,0.717948717948718,0.8603584052197765,True,True,True,True,True,True,False,False,"All five labels remain valid, but some label instances are masked.",,,,,,,,,
label,nih_to_mimic,no adaptation,val,uignore_blankignore,Policy C,dicom_id,,958,367,0.38308977035490605,472,0.49269311064718163,402,0.4196242171189979,1117,4790,0.23319415448851774,5,0.6863958523033334,0.8565257199449496,0.717948717948718,0.8603584052197765,True,True,True,True,True,True,False,False,"All five labels remain valid, but some label instances are masked.",Atelectasis,198,194,4,52,708,True,0.5657216494845362,0.9878009679101581
label,nih_to_mimic,no adaptation,val,uignore_blankignore,Policy C,dicom_id,,958,367,0.38308977035490605,472,0.49269311064718163,402,0.4196242171189979,1117,4790,0.23319415448851774,5,0.6863958523033334,0.8565257199449496,0.717948717948718,0.8603584052197765,True,True,True,True,True,True,False,False,"All five labels remain valid, but some label instances are masked.",Cardiomegaly,268,205,63,29,661,True,0.6542779713511421,0.8490423511724885
label,nih_to_mimic,no adaptation,val,uignore_blankignore,Policy C,dicom_id,,958,367,0.38308977035490605,472,0.49269311064718163,402,0.4196242171189979,1117,4790,0.23319415448851774,5,0.6863958523033334,0.8565257199449496,0.717948717948718,0.8603584052197765,True,True,True,True,True,True,False,False,"All five labels remain valid, but some label instances are masked.",Consolidation,79,52,27,24,855,True,0.7414529914529916,0.8164843246259276
label,nih_to_mimic,no adaptation,val,uignore_blankignore,Policy C,dicom_id,,958,367,0.38308977035490605,472,0.49269311064718163,402,0.4196242171189979,1117,4790,0.23319415448851774,5,0.6863958523033334,0.8565257199449496,0.717948717948718,0.8603584052197765,True,True,True,True,True,True,False,False,"All five labels remain valid, but some label instances are masked.",Edema,229,131,98,60,669,True,0.7303318273874435,0.764859581709987
label,nih_to_mimic,no adaptation,val,uignore_blankignore,Policy C,dicom_id,,958,367,0.38308977035490605,472,0.49269311064718163,402,0.4196242171189979,1117,4790,0.23319415448851774,5,0.6863958523033334,0.8565257199449496,0.717948717948718,0.8603584052197765,True,True,True,True,True,True,False,False,"All five labels remain valid, but some label instances are masked.",Effusion,343,249,94,27,588,True,0.7401948218405537,0.8644413743061873
overall,nih_to_mimic,no adaptation,val,uone_blankzero,Policy D,dicom_id,,958,367,0.38308977035490605,521,0.5438413361169102,0,0.0,4790,4790,1.0,5,0.6805031194756179,0.31322366946163793,0.6431166006382018,0.2901410113578238,True,True,True,True,True,True,True,True,All label instances remain in the evaluation set.,,,,,,,,,
label,nih_to_mimic,no adaptation,val,uone_blankzero,Policy D,dicom_id,,958,367,0.38308977035490605,521,0.5438413361169102,0,0.0,4790,4790,1.0,5,0.6805031194756179,0.31322366946163793,0.6431166006382018,0.2901410113578238,True,True,True,True,True,True,True,True,All label instances remain in the evaluation set.,Atelectasis,958,246,712,52,708,True,0.6243891020370878,0.3263435749978879
label,nih_to_mimic,no adaptation,val,uone_blankzero,Policy D,dicom_id,,958,367,0.38308977035490605,521,0.5438413361169102,0,0.0,4790,4790,1.0,5,0.6805031194756179,0.31322366946163793,0.6431166006382018,0.2901410113578238,True,True,True,True,True,True,True,True,All label instances remain in the evaluation set.,Cardiomegaly,958,234,724,29,661,True,0.6416277093072673,0.3118900316774861
label,nih_to_mimic,no adaptation,val,uone_blankzero,Policy D,dicom_id,,958,367,0.38308977035490605,521,0.5438413361169102,0,0.0,4790,4790,1.0,5,0.6805031194756179,0.31322366946163793,0.6431166006382018,0.2901410113578238,True,True,True,True,True,True,True,True,All label instances remain in the evaluation set.,Consolidation,958,76,882,24,855,True,0.6931763933643632,0.13636551495091834
label,nih_to_mimic,no adaptation,val,uone_blankzero,Policy D,dicom_id,,958,367,0.38308977035490605,521,0.5438413361169102,0,0.0,4790,4790,1.0,5,0.6805031194756179,0.31322366946163793,0.6431166006382018,0.2901410113578238,True,True,True,True,True,True,True,True,All label instances remain in the evaluation set.,Edema,958,191,767,60,669,True,0.734718117094548,0.3536682515579018
label,nih_to_mimic,no adaptation,val,uone_blankzero,Policy D,dicom_id,,958,367,0.38308977035490605,521,0.5438413361169102,0,0.0,4790,4790,1.0,5,0.6805031194756179,0.31322366946163793,0.6431166006382018,0.2901410113578238,True,True,True,True,True,True,True,True,All label instances remain in the evaluation set.,Effusion,958,276,682,27,588,True,0.7086042755748225,0.43785097412399543
overall,nih_to_mimic,no adaptation,test,current_uzero_blankzero,Policy A,dicom_id,,596,131,0.2197986577181208,413,0.6929530201342282,0,0.0,2980,2980,1.0,5,0.6102987726213751,0.33119314037550796,0.6089149675242596,0.31918409650512525,True,True,True,True,True,True,True,True,All label instances remain in the evaluation set.,,,,,,,,,
label,nih_to_mimic,no adaptation,test,current_uzero_blankzero,Policy A,dicom_id,,596,131,0.2197986577181208,413,0.6929530201342282,0,0.0,2980,2980,1.0,5,0.6102987726213751,0.33119314037550796,0.6089149675242596,0.31918409650512525,True,True,True,True,True,True,True,True,All label instances remain in the evaluation set.,Atelectasis,596,170,426,32,387,True,0.5728182822424744,0.33052995544598585
label,nih_to_mimic,no adaptation,test,current_uzero_blankzero,Policy A,dicom_id,,596,131,0.2197986577181208,413,0.6929530201342282,0,0.0,2980,2980,1.0,5,0.6102987726213751,0.33119314037550796,0.6089149675242596,0.31918409650512525,True,True,True,True,True,True,True,True,All label instances remain in the evaluation set.,Cardiomegaly,596,159,437,13,370,True,0.5618640530777312,0.30834173213392885
label,nih_to_mimic,no adaptation,test,current_uzero_blankzero,Policy A,dicom_id,,596,131,0.2197986577181208,413,0.6929530201342282,0,0.0,2980,2980,1.0,5,0.6102987726213751,0.33119314037550796,0.6089149675242596,0.31918409650512525,True,True,True,True,True,True,True,True,All label instances remain in the evaluation set.,Consolidation,596,56,540,10,509,True,0.5109457671957672,0.11530170107865098
label,nih_to_mimic,no adaptation,test,current_uzero_blankzero,Policy A,dicom_id,,596,131,0.2197986577181208,413,0.6929530201342282,0,0.0,2980,2980,1.0,5,0.6102987726213751,0.33119314037550796,0.6089149675242596,0.31918409650512525,True,True,True,True,True,True,True,True,All label instances remain in the evaluation set.,Edema,596,128,468,44,345,True,0.720486111111111,0.37649649412763864
label,nih_to_mimic,no adaptation,test,current_uzero_blankzero,Policy A,dicom_id,,596,131,0.2197986577181208,413,0.6929530201342282,0,0.0,2980,2980,1.0,5,0.6102987726213751,0.33119314037550796,0.6089149675242596,0.31918409650512525,True,True,True,True,True,True,True,True,All label instances remain in the evaluation set.,Effusion,596,219,377,27,280,True,0.6853796494797912,0.5252958190913354
overall,nih_to_mimic,no adaptation,test,uignore_blankzero,Policy B,dicom_id,,596,131,0.2197986577181208,413,0.6929530201342282,0,0.0,2854,2980,0.9577181208053691,5,0.6183347016415374,0.35409527167647575,0.6170443776620675,0.3402382321455224,True,True,True,True,True,True,False,False,"All five labels remain valid, but some label instances are masked.",,,,,,,,,
label,nih_to_mimic,no adaptation,test,uignore_blankzero,Policy B,dicom_id,,596,131,0.2197986577181208,413,0.6929530201342282,0,0.0,2854,2980,0.9577181208053691,5,0.6183347016415374,0.35409527167647575,0.6170443776620675,0.3402382321455224,True,True,True,True,True,True,False,False,"All five labels remain valid, but some label instances are masked.",Atelectasis,564,170,394,32,387,True,0.5766721409375933,0.3498619120595764
label,nih_to_mimic,no adaptation,test,uignore_blankzero,Policy B,dicom_id,,596,131,0.2197986577181208,413,0.6929530201342282,0,0.0,2854,2980,0.9577181208053691,5,0.6183347016415374,0.35409527167647575,0.6170443776620675,0.3402382321455224,True,True,True,True,True,True,False,False,"All five labels remain valid, but some label instances are masked.",Cardiomegaly,583,159,424,13,370,True,0.56499940666904,0.3170648584445834
label,nih_to_mimic,no adaptation,test,uignore_blankzero,Policy B,dicom_id,,596,131,0.2197986577181208,413,0.6929530201342282,0,0.0,2854,2980,0.9577181208053691,5,0.6183347016415374,0.35409527167647575,0.6170443776620675,0.3402382321455224,True,True,True,True,True,True,False,False,"All five labels remain valid, but some label instances are masked.",Consolidation,586,56,530,10,509,True,0.5131738544474393,0.11712259505086883
label,nih_to_mimic,no adaptation,test,uignore_blankzero,Policy B,dicom_id,,596,131,0.2197986577181208,413,0.6929530201342282,0,0.0,2854,2980,0.9577181208053691,5,0.6183347016415374,0.35409527167647575,0.6170443776620675,0.3402382321455224,True,True,True,True,True,True,False,False,"All five labels remain valid, but some label instances are masked.",Edema,552,128,424,44,345,True,0.7392025353773585,0.43068498603039956
label,nih_to_mimic,no adaptation,test,uignore_blankzero,Policy B,dicom_id,,596,131,0.2197986577181208,413,0.6929530201342282,0,0.0,2854,2980,0.9577181208053691,5,0.6183347016415374,0.35409527167647575,0.6170443776620675,0.3402382321455224,True,True,True,True,True,True,False,False,"All five labels remain valid, but some label instances are masked.",Effusion,569,219,350,27,280,True,0.6976255707762558,0.5557420067969506
overall,nih_to_mimic,no adaptation,test,uignore_blankignore,Policy C,dicom_id,,596,131,0.2197986577181208,413,0.6929530201342282,150,0.2516778523489933,963,2980,0.3231543624161074,5,0.6291437881392867,0.8404734157289082,0.6965261514441842,0.8702660127874657,True,True,True,True,True,True,False,False,"All five labels remain valid, but some label instances are masked.",,,,,,,,,
label,nih_to_mimic,no adaptation,test,uignore_blankignore,Policy C,dicom_id,,596,131,0.2197986577181208,413,0.6929530201342282,150,0.2516778523489933,963,2980,0.3231543624161074,5,0.6291437881392867,0.8404734157289082,0.6965261514441842,0.8702660127874657,True,True,True,True,True,True,False,False,"All five labels remain valid, but some label instances are masked.",Atelectasis,177,170,7,32,387,True,0.5739495798319327,0.9674684030778229
label,nih_to_mimic,no adaptation,test,uignore_blankignore,Policy C,dicom_id,,596,131,0.2197986577181208,413,0.6929530201342282,150,0.2516778523489933,963,2980,0.3231543624161074,5,0.6291437881392867,0.8404734157289082,0.6965261514441842,0.8702660127874657,True,True,True,True,True,True,False,False,"All five labels remain valid, but some label instances are masked.",Cardiomegaly,213,159,54,13,370,True,0.610528767761472,0.8046329512377757
label,nih_to_mimic,no adaptation,test,uignore_blankignore,Policy C,dicom_id,,596,131,0.2197986577181208,413,0.6929530201342282,150,0.2516778523489933,963,2980,0.3231543624161074,5,0.6291437881392867,0.8404734157289082,0.6965261514441842,0.8702660127874657,True,True,True,True,True,True,False,False,"All five labels remain valid, but some label instances are masked.",Consolidation,77,56,21,10,509,True,0.5034013605442178,0.7400126390943758
label,nih_to_mimic,no adaptation,test,uignore_blankignore,Policy C,dicom_id,,596,131,0.2197986577181208,413,0.6929530201342282,150,0.2516778523489933,963,2980,0.3231543624161074,5,0.6291437881392867,0.8404734157289082,0.6965261514441842,0.8702660127874657,True,True,True,True,True,True,False,False,"All five labels remain valid, but some label instances are masked.",Edema,207,128,79,44,345,True,0.7665150316455696,0.8380267141142588
label,nih_to_mimic,no adaptation,test,uignore_blankignore,Policy C,dicom_id,,596,131,0.2197986577181208,413,0.6929530201342282,150,0.2516778523489933,963,2980,0.3231543624161074,5,0.6291437881392867,0.8404734157289082,0.6965261514441842,0.8702660127874657,True,True,True,True,True,True,False,False,"All five labels remain valid, but some label instances are masked.",Effusion,289,219,70,27,280,True,0.691324200913242,0.8522263711203084
overall,nih_to_mimic,no adaptation,test,uone_blankzero,Policy D,dicom_id,,596,131,0.2197986577181208,440,0.738255033557047,0,0.0,2980,2980,1.0,5,0.6182670782269476,0.38542440592271404,0.6212008616579775,0.3805863346695388,True,True,True,True,True,True,True,True,All label instances remain in the evaluation set.,,,,,,,,,
label,nih_to_mimic,no adaptation,test,uone_blankzero,Policy D,dicom_id,,596,131,0.2197986577181208,440,0.738255033557047,0,0.0,2980,2980,1.0,5,0.6182670782269476,0.38542440592271404,0.6212008616579775,0.3805863346695388,True,True,True,True,True,True,True,True,All label instances remain in the evaluation set.,Atelectasis,596,202,394,32,387,True,0.5729318490224656,0.38509252810448263
label,nih_to_mimic,no adaptation,test,uone_blankzero,Policy D,dicom_id,,596,131,0.2197986577181208,440,0.738255033557047,0,0.0,2980,2980,1.0,5,0.6182670782269476,0.38542440592271404,0.6212008616579775,0.3805863346695388,True,True,True,True,True,True,True,True,All label instances remain in the evaluation set.,Cardiomegaly,596,172,424,13,370,True,0.567285541904344,0.33571546597724344
label,nih_to_mimic,no adaptation,test,uone_blankzero,Policy D,dicom_id,,596,131,0.2197986577181208,440,0.738255033557047,0,0.0,2980,2980,1.0,5,0.6182670782269476,0.38542440592271404,0.6212008616579775,0.3805863346695388,True,True,True,True,True,True,True,True,All label instances remain in the evaluation set.,Consolidation,596,66,530,10,509,True,0.5283018867924529,0.1313522049838925
label,nih_to_mimic,no adaptation,test,uone_blankzero,Policy D,dicom_id,,596,131,0.2197986577181208,440,0.738255033557047,0,0.0,2980,2980,1.0,5,0.6182670782269476,0.38542440592271404,0.6212008616579775,0.3805863346695388,True,True,True,True,True,True,True,True,All label instances remain in the evaluation set.,Edema,596,172,424,44,345,True,0.7270321412900396,0.4959845998563427
label,nih_to_mimic,no adaptation,test,uone_blankzero,Policy D,dicom_id,,596,131,0.2197986577181208,440,0.738255033557047,0,0.0,2980,2980,1.0,5,0.6182670782269476,0.38542440592271404,0.6212008616579775,0.3805863346695388,True,True,True,True,True,True,True,True,All label instances remain in the evaluation set.,Effusion,596,246,350,27,280,True,0.6957839721254355,0.5789772306916092
overall,head_only_k5_seed2027,head_only_k5,val,current_uzero_blankzero,Policy A,dicom_id,,958,367,0.38308977035490605,472,0.49269311064718163,0,0.0,4790,4790,1.0,5,0.6786669426702152,0.263085163686402,0.6386004074859974,0.2364383035882819,True,True,True,True,True,True,True,True,All label instances remain in the evaluation set.,,,,,,,,,
label,head_only_k5_seed2027,head_only_k5,val,current_uzero_blankzero,Policy A,dicom_id,,958,367,0.38308977035490605,472,0.49269311064718163,0,0.0,4790,4790,1.0,5,0.6786669426702152,0.263085163686402,0.6386004074859974,0.2364383035882819,True,True,True,True,True,True,True,True,All label instances remain in the evaluation set.,Atelectasis,958,194,764,52,708,True,0.6238867598639823,0.2622538273036821
label,head_only_k5_seed2027,head_only_k5,val,current_uzero_blankzero,Policy A,dicom_id,,958,367,0.38308977035490605,472,0.49269311064718163,0,0.0,4790,4790,1.0,5,0.6786669426702152,0.263085163686402,0.6386004074859974,0.2364383035882819,True,True,True,True,True,True,True,True,All label instances remain in the evaluation set.,Cardiomegaly,958,205,753,29,661,True,0.6459301007352702,0.2830088313587619
label,head_only_k5_seed2027,head_only_k5,val,current_uzero_blankzero,Policy A,dicom_id,,958,367,0.38308977035490605,472,0.49269311064718163,0,0.0,4790,4790,1.0,5,0.6786669426702152,0.263085163686402,0.6386004074859974,0.2364383035882819,True,True,True,True,True,True,True,True,All label instances remain in the evaluation set.,Consolidation,958,52,906,24,855,True,0.6709543216165732,0.08858394599566427
label,head_only_k5_seed2027,head_only_k5,val,current_uzero_blankzero,Policy A,dicom_id,,958,367,0.38308977035490605,472,0.49269311064718163,0,0.0,4790,4790,1.0,5,0.6786669426702152,0.263085163686402,0.6386004074859974,0.2364383035882819,True,True,True,True,True,True,True,True,All label instances remain in the evaluation set.,Edema,958,131,827,60,669,True,0.7398395746605501,0.27325496418686335
label,head_only_k5_seed2027,head_only_k5,val,current_uzero_blankzero,Policy A,dicom_id,,958,367,0.38308977035490605,472,0.49269311064718163,0,0.0,4790,4790,1.0,5,0.6786669426702152,0.263085163686402,0.6386004074859974,0.2364383035882819,True,True,True,True,True,True,True,True,All label instances remain in the evaluation set.,Effusion,958,249,709,27,588,True,0.7127239564747,0.4083242495870383
overall,head_only_k5_seed2027,head_only_k5,val,uignore_blankzero,Policy B,dicom_id,,958,367,0.38308977035490605,472,0.49269311064718163,0,0.0,4598,4790,0.9599164926931106,5,0.6852146483312481,0.27673863546134225,0.6459071862590352,0.25051649207104587,True,True,True,True,True,True,False,False,"All five labels remain valid, but some label instances are masked.",,,,,,,,,
label,head_only_k5_seed2027,head_only_k5,val,uignore_blankzero,Policy B,dicom_id,,958,367,0.38308977035490605,472,0.49269311064718163,0,0.0,4598,4790,0.9599164926931106,5,0.6852146483312481,0.27673863546134225,0.6459071862590352,0.25051649207104587,True,True,True,True,True,True,False,False,"All five labels remain valid, but some label instances are masked.",Atelectasis,906,194,712,52,708,True,0.6306469361751419,0.28024181024726014
label,head_only_k5_seed2027,head_only_k5,val,uignore_blankzero,Policy B,dicom_id,,958,367,0.38308977035490605,472,0.49269311064718163,0,0.0,4598,4790,0.9599164926931106,5,0.6852146483312481,0.27673863546134225,0.6459071862590352,0.25051649207104587,True,True,True,True,True,True,False,False,"All five labels remain valid, but some label instances are masked.",Cardiomegaly,929,205,724,29,661,True,0.6484570812558954,0.2912903212599839
label,head_only_k5_seed2027,head_only_k5,val,uignore_blankzero,Policy B,dicom_id,,958,367,0.38308977035490605,472,0.49269311064718163,0,0.0,4598,4790,0.9599164926931106,5,0.6852146483312481,0.27673863546134225,0.6459071862590352,0.25051649207104587,True,True,True,True,True,True,False,False,"All five labels remain valid, but some label instances are masked.",Consolidation,934,52,882,24,855,True,0.6774812489098203,0.09293621927800162
label,head_only_k5_seed2027,head_only_k5,val,uignore_blankzero,Policy B,dicom_id,,958,367,0.38308977035490605,472,0.49269311064718163,0,0.0,4598,4790,0.9599164926931106,5,0.6852146483312481,0.27673863546134225,0.6459071862590352,0.25051649207104587,True,True,True,True,True,True,False,False,"All five labels remain valid, but some label instances are masked.",Edema,898,131,767,60,669,True,0.7522318540561522,0.29807618446512507
label,head_only_k5_seed2027,head_only_k5,val,uignore_blankzero,Policy B,dicom_id,,958,367,0.38308977035490605,472,0.49269311064718163,0,0.0,4598,4790,0.9599164926931106,5,0.6852146483312481,0.27673863546134225,0.6459071862590352,0.25051649207104587,True,True,True,True,True,True,False,False,"All five labels remain valid, but some label instances are masked.",Effusion,931,249,682,27,588,True,0.7172561212592304,0.4211486420563406
overall,head_only_k5_seed2027,head_only_k5,val,uignore_blankignore,Policy C,dicom_id,,958,367,0.38308977035490605,472,0.49269311064718163,402,0.4196242171189979,1117,4790,0.23319415448851774,5,0.6858181158541399,0.8567783142560952,0.7167158954162564,0.8589989124502776,True,True,True,True,True,True,False,False,"All five labels remain valid, but some label instances are masked.",,,,,,,,,
label,head_only_k5_seed2027,head_only_k5,val,uignore_blankignore,Policy C,dicom_id,,958,367,0.38308977035490605,472,0.49269311064718163,402,0.4196242171189979,1117,4790,0.23319415448851774,5,0.6858181158541399,0.8567783142560952,0.7167158954162564,0.8589989124502776,True,True,True,True,True,True,False,False,"All five labels remain valid, but some label instances are masked.",Atelectasis,198,194,4,52,708,True,0.5631443298969072,0.9877201197687532
label,head_only_k5_seed2027,head_only_k5,val,uignore_blankignore,Policy C,dicom_id,,958,367,0.38308977035490605,472,0.49269311064718163,402,0.4196242171189979,1117,4790,0.23319415448851774,5,0.6858181158541399,0.8567783142560952,0.7167158954162564,0.8589989124502776,True,True,True,True,True,True,False,False,"All five labels remain valid, but some label instances are masked.",Cardiomegaly,268,205,63,29,661,True,0.6531165311653118,0.8485328535409871
label,head_only_k5_seed2027,head_only_k5,val,uignore_blankignore,Policy C,dicom_id,,958,367,0.38308977035490605,472,0.49269311064718163,402,0.4196242171189979,1117,4790,0.23319415448851774,5,0.6858181158541399,0.8567783142560952,0.7167158954162564,0.8589989124502776,True,True,True,True,True,True,False,False,"All five labels remain valid, but some label instances are masked.",Consolidation,79,52,27,24,855,True,0.7435897435897436,0.8186660233427722
label,head_only_k5_seed2027,head_only_k5,val,uignore_blankignore,Policy C,dicom_id,,958,367,0.38308977035490605,472,0.49269311064718163,402,0.4196242171189979,1117,4790,0.23319415448851774,5,0.6858181158541399,0.8567783142560952,0.7167158954162564,0.8589989124502776,True,True,True,True,True,True,False,False,"All five labels remain valid, but some label instances are masked.",Edema,229,131,98,60,669,True,0.7299423586228384,0.7647621237902592
label,head_only_k5_seed2027,head_only_k5,val,uignore_blankignore,Policy C,dicom_id,,958,367,0.38308977035490605,472,0.49269311064718163,402,0.4196242171189979,1117,4790,0.23319415448851774,5,0.6858181158541399,0.8567783142560952,0.7167158954162564,0.8589989124502776,True,True,True,True,True,True,False,False,"All five labels remain valid, but some label instances are masked.",Effusion,343,249,94,27,588,True,0.7392976159958985,0.8642104508377041
overall,head_only_k5_seed2027,head_only_k5,val,uone_blankzero,Policy D,dicom_id,,958,367,0.38308977035490605,521,0.5438413361169102,0,0.0,4790,4790,1.0,5,0.6800915122282911,0.31291022482393105,0.6456548495306127,0.29224984118832087,True,True,True,True,True,True,True,True,All label instances remain in the evaluation set.,,,,,,,,,
label,head_only_k5_seed2027,head_only_k5,val,uone_blankzero,Policy D,dicom_id,,958,367,0.38308977035490605,521,0.5438413361169102,0,0.0,4790,4790,1.0,5,0.6800915122282911,0.31291022482393105,0.6456548495306127,0.29224984118832087,True,True,True,True,True,True,True,True,All label instances remain in the evaluation set.,Atelectasis,958,246,712,52,708,True,0.6237553667671509,0.32587322406984026
label,head_only_k5_seed2027,head_only_k5,val,uone_blankzero,Policy D,dicom_id,,958,367,0.38308977035490605,521,0.5438413361169102,0,0.0,4790,4790,1.0,5,0.6800915122282911,0.31291022482393105,0.6456548495306127,0.29224984118832087,True,True,True,True,True,True,True,True,All label instances remain in the evaluation set.,Cardiomegaly,958,234,724,29,661,True,0.6409430042026727,0.3113825618011471
label,head_only_k5_seed2027,head_only_k5,val,uone_blankzero,Policy D,dicom_id,,958,367,0.38308977035490605,521,0.5438413361169102,0,0.0,4790,4790,1.0,5,0.6800915122282911,0.31291022482393105,0.6456548495306127,0.29224984118832087,True,True,True,True,True,True,True,True,All label instances remain in the evaluation set.,Consolidation,958,76,882,24,855,True,0.693295739348371,0.13640279453639903
label,head_only_k5_seed2027,head_only_k5,val,uone_blankzero,Policy D,dicom_id,,958,367,0.38308977035490605,521,0.5438413361169102,0,0.0,4790,4790,1.0,5,0.6800915122282911,0.31291022482393105,0.6456548495306127,0.29224984118832087,True,True,True,True,True,True,True,True,All label instances remain in the evaluation set.,Edema,958,191,767,60,669,True,0.7344382478822092,0.3537756271500924
label,head_only_k5_seed2027,head_only_k5,val,uone_blankzero,Policy D,dicom_id,,958,367,0.38308977035490605,521,0.5438413361169102,0,0.0,4790,4790,1.0,5,0.6800915122282911,0.31291022482393105,0.6456548495306127,0.29224984118832087,True,True,True,True,True,True,True,True,All label instances remain in the evaluation set.,Effusion,958,276,682,27,588,True,0.7080252029410515,0.4371169165621764
overall,head_only_k5_seed2027,head_only_k5,test,current_uzero_blankzero,Policy A,dicom_id,,596,131,0.2197986577181208,413,0.6929530201342282,0,0.0,2980,2980,1.0,5,0.6102280669589095,0.3311111150528484,0.611970203021994,0.32287582016336114,True,True,True,True,True,True,True,True,All label instances remain in the evaluation set.,,,,,,,,,
label,head_only_k5_seed2027,head_only_k5,test,current_uzero_blankzero,Policy A,dicom_id,,596,131,0.2197986577181208,413,0.6929530201342282,0,0.0,2980,2980,1.0,5,0.6102280669589095,0.3311111150528484,0.611970203021994,0.32287582016336114,True,True,True,True,True,True,True,True,All label instances remain in the evaluation set.,Atelectasis,596,170,426,32,387,True,0.5728251864125932,0.3306655418684795
label,head_only_k5_seed2027,head_only_k5,test,current_uzero_blankzero,Policy A,dicom_id,,596,131,0.2197986577181208,413,0.6929530201342282,0,0.0,2980,2980,1.0,5,0.6102280669589095,0.3311111150528484,0.611970203021994,0.32287582016336114,True,True,True,True,True,True,True,True,All label instances remain in the evaluation set.,Cardiomegaly,596,159,437,13,370,True,0.5618208770490624,0.30774070185032437
label,head_only_k5_seed2027,head_only_k5,test,current_uzero_blankzero,Policy A,dicom_id,,596,131,0.2197986577181208,413,0.6929530201342282,0,0.0,2980,2980,1.0,5,0.6102280669589095,0.3311111150528484,0.611970203021994,0.32287582016336114,True,True,True,True,True,True,True,True,All label instances remain in the evaluation set.,Consolidation,596,56,540,10,509,True,0.5105820105820107,0.1152013693943664
label,head_only_k5_seed2027,head_only_k5,test,current_uzero_blankzero,Policy A,dicom_id,,596,131,0.2197986577181208,413,0.6929530201342282,0,0.0,2980,2980,1.0,5,0.6102280669589095,0.3311111150528484,0.611970203021994,0.32287582016336114,True,True,True,True,True,True,True,True,All label instances remain in the evaluation set.,Edema,596,128,468,44,345,True,0.7203024839743589,0.3763271946206186
label,head_only_k5_seed2027,head_only_k5,test,current_uzero_blankzero,Policy A,dicom_id,,596,131,0.2197986577181208,413,0.6929530201342282,0,0.0,2980,2980,1.0,5,0.6102280669589095,0.3311111150528484,0.611970203021994,0.32287582016336114,True,True,True,True,True,True,True,True,All label instances remain in the evaluation set.,Effusion,596,219,377,27,280,True,0.6856097767765221,0.5256207675304534
overall,head_only_k5_seed2027,head_only_k5,test,uignore_blankzero,Policy B,dicom_id,,596,131,0.2197986577181208,413,0.6929530201342282,0,0.0,2854,2980,0.9577181208053691,5,0.6182470950826972,0.35390774416526405,0.6202102099782142,0.3443955553645185,True,True,True,True,True,True,False,False,"All five labels remain valid, but some label instances are masked.",,,,,,,,,
label,head_only_k5_seed2027,head_only_k5,test,uignore_blankzero,Policy B,dicom_id,,596,131,0.2197986577181208,413,0.6929530201342282,0,0.0,2854,2980,0.9577181208053691,5,0.6182470950826972,0.35390774416526405,0.6202102099782142,0.3443955553645185,True,True,True,True,True,True,False,False,"All five labels remain valid, but some label instances are masked.",Atelectasis,564,170,394,32,387,True,0.5766796058524932,0.3498486725617109
label,head_only_k5_seed2027,head_only_k5,test,uignore_blankzero,Policy B,dicom_id,,596,131,0.2197986577181208,413,0.6929530201342282,0,0.0,2854,2980,0.9577181208053691,5,0.6182470950826972,0.35390774416526405,0.6202102099782142,0.3443955553645185,True,True,True,True,True,True,False,False,"All five labels remain valid, but some label instances are masked.",Cardiomegaly,583,159,424,13,370,True,0.5649845733950398,0.31645951115780524
label,head_only_k5_seed2027,head_only_k5,test,uignore_blankzero,Policy B,dicom_id,,596,131,0.2197986577181208,413,0.6929530201342282,0,0.0,2854,2980,0.9577181208053691,5,0.6182470950826972,0.35390774416526405,0.6202102099782142,0.3443955553645185,True,True,True,True,True,True,False,False,"All five labels remain valid, but some label instances are masked.",Consolidation,586,56,530,10,509,True,0.5128369272237197,0.11702604980604259
label,head_only_k5_seed2027,head_only_k5,test,uignore_blankzero,Policy B,dicom_id,,596,131,0.2197986577181208,413,0.6929530201342282,0,0.0,2854,2980,0.9577181208053691,5,0.6182470950826972,0.35390774416526405,0.6202102099782142,0.3443955553645185,True,True,True,True,True,True,False,False,"All five labels remain valid, but some label instances are masked.",Edema,552,128,424,44,345,True,0.7389261497641509,0.43022517155166345
label,head_only_k5_seed2027,head_only_k5,test,uignore_blankzero,Policy B,dicom_id,,596,131,0.2197986577181208,413,0.6929530201342282,0,0.0,2854,2980,0.9577181208053691,5,0.6182470950826972,0.35390774416526405,0.6202102099782142,0.3443955553645185,True,True,True,True,True,True,False,False,"All five labels remain valid, but some label instances are masked.",Effusion,569,219,350,27,280,True,0.6978082191780821,0.555979315749098
overall,head_only_k5_seed2027,head_only_k5,test,uignore_blankignore,Policy C,dicom_id,,596,131,0.2197986577181208,413,0.6929530201342282,150,0.2516778523489933,963,2980,0.3231543624161074,5,0.6294011549293907,0.8402797180124615,0.6951836869869658,0.8693040592851021,True,True,True,True,True,True,False,False,"All five labels remain valid, but some label instances are masked.",,,,,,,,,
label,head_only_k5_seed2027,head_only_k5,test,uignore_blankignore,Policy C,dicom_id,,596,131,0.2197986577181208,413,0.6929530201342282,150,0.2516778523489933,963,2980,0.3231543624161074,5,0.6294011549293907,0.8402797180124615,0.6951836869869658,0.8693040592851021,True,True,True,True,True,True,False,False,"All five labels remain valid, but some label instances are masked.",Atelectasis,177,170,7,32,387,True,0.5756302521008403,0.968081727615274
label,head_only_k5_seed2027,head_only_k5,test,uignore_blankignore,Policy C,dicom_id,,596,131,0.2197986577181208,413,0.6929530201342282,150,0.2516778523489933,963,2980,0.3231543624161074,5,0.6294011549293907,0.8402797180124615,0.6951836869869658,0.8693040592851021,True,True,True,True,True,True,False,False,"All five labels remain valid, but some label instances are masked.",Cardiomegaly,213,159,54,13,370,True,0.6107617051013275,0.8044097896719222
label,head_only_k5_seed2027,head_only_k5,test,uignore_blankignore,Policy C,dicom_id,,596,131,0.2197986577181208,413,0.6929530201342282,150,0.2516778523489933,963,2980,0.3231543624161074,5,0.6294011549293907,0.8402797180124615,0.6951836869869658,0.8693040592851021,True,True,True,True,True,True,False,False,"All five labels remain valid, but some label instances are masked.",Consolidation,77,56,21,10,509,True,0.504251700680272,0.7401611960941124
label,head_only_k5_seed2027,head_only_k5,test,uignore_blankignore,Policy C,dicom_id,,596,131,0.2197986577181208,413,0.6929530201342282,150,0.2516778523489933,963,2980,0.3231543624161074,5,0.6294011549293907,0.8402797180124615,0.6951836869869658,0.8693040592851021,True,True,True,True,True,True,False,False,"All five labels remain valid, but some label instances are masked.",Edema,207,128,79,44,345,True,0.7656249999999999,0.8370342343405617
label,head_only_k5_seed2027,head_only_k5,test,uignore_blankignore,Policy C,dicom_id,,596,131,0.2197986577181208,413,0.6929530201342282,150,0.2516778523489933,963,2980,0.3231543624161074,5,0.6294011549293907,0.8402797180124615,0.6951836869869658,0.8693040592851021,True,True,True,True,True,True,False,False,"All five labels remain valid, but some label instances are masked.",Effusion,289,219,70,27,280,True,0.690737116764514,0.8517116423404376
overall,head_only_k5_seed2027,head_only_k5,test,uone_blankzero,Policy D,dicom_id,,596,131,0.2197986577181208,440,0.738255033557047,0,0.0,2980,2980,1.0,5,0.6181819936572986,0.38528547811752434,0.6242593410359668,0.38484344745243954,True,True,True,True,True,True,True,True,All label instances remain in the evaluation set.,,,,,,,,,
label,head_only_k5_seed2027,head_only_k5,test,uone_blankzero,Policy D,dicom_id,,596,131,0.2197986577181208,440,0.738255033557047,0,0.0,2980,2980,1.0,5,0.6181819936572986,0.38528547811752434,0.6242593410359668,0.38484344745243954,True,True,True,True,True,True,True,True,All label instances remain in the evaluation set.,Atelectasis,596,202,394,32,387,True,0.572900437251847,0.38519059909265696
label,head_only_k5_seed2027,head_only_k5,test,uone_blankzero,Policy D,dicom_id,,596,131,0.2197986577181208,440,0.738255033557047,0,0.0,2980,2980,1.0,5,0.6181819936572986,0.38528547811752434,0.6242593410359668,0.38484344745243954,True,True,True,True,True,True,True,True,All label instances remain in the evaluation set.,Cardiomegaly,596,172,424,13,370,True,0.5674500877577885,0.33523802586780604
label,head_only_k5_seed2027,head_only_k5,test,uone_blankzero,Policy D,dicom_id,,596,131,0.2197986577181208,440,0.738255033557047,0,0.0,2980,2980,1.0,5,0.6181819936572986,0.38528547811752434,0.6242593410359668,0.38484344745243954,True,True,True,True,True,True,True,True,All label instances remain in the evaluation set.,Consolidation,596,66,530,10,509,True,0.5278444825614638,0.13121479720905307
label,head_only_k5_seed2027,head_only_k5,test,uone_blankzero,Policy D,dicom_id,,596,131,0.2197986577181208,440,0.738255033557047,0,0.0,2980,2980,1.0,5,0.6181819936572986,0.38528547811752434,0.6242593410359668,0.38484344745243954,True,True,True,True,True,True,True,True,All label instances remain in the evaluation set.,Edema,596,172,424,44,345,True,0.7268264589732338,0.4956767577963338
label,head_only_k5_seed2027,head_only_k5,test,uone_blankzero,Policy D,dicom_id,,596,131,0.2197986577181208,440,0.738255033557047,0,0.0,2980,2980,1.0,5,0.6181819936572986,0.38528547811752434,0.6242593410359668,0.38484344745243954,True,True,True,True,True,True,True,True,All label instances remain in the evaluation set.,Effusion,596,246,350,27,280,True,0.6958885017421603,0.5791072106217717
overall,head_only_k20_seed2027,head_only_k20,val,current_uzero_blankzero,Policy A,dicom_id,,958,367,0.38308977035490605,472,0.49269311064718163,0,0.0,4790,4790,1.0,5,0.6780296339719187,0.2627532959902074,0.6488258561202993,0.24392557001890847,True,True,True,True,True,True,True,True,All label instances remain in the evaluation set.,,,,,,,,,
label,head_only_k20_seed2027,head_only_k20,val,current_uzero_blankzero,Policy A,dicom_id,,958,367,0.38308977035490605,472,0.49269311064718163,0,0.0,4790,4790,1.0,5,0.6780296339719187,0.2627532959902074,0.6488258561202993,0.24392557001890847,True,True,True,True,True,True,True,True,All label instances remain in the evaluation set.,Atelectasis,958,194,764,52,708,True,0.6232188157823717,0.2617031134736755
label,head_only_k20_seed2027,head_only_k20,val,current_uzero_blankzero,Policy A,dicom_id,,958,367,0.38308977035490605,472,0.49269311064718163,0,0.0,4790,4790,1.0,5,0.6780296339719187,0.2627532959902074,0.6488258561202993,0.24392557001890847,True,True,True,True,True,True,True,True,All label instances remain in the evaluation set.,Cardiomegaly,958,205,753,29,661,True,0.6442911281702458,0.2820683660095271
label,head_only_k20_seed2027,head_only_k20,val,current_uzero_blankzero,Policy A,dicom_id,,958,367,0.38308977035490605,472,0.49269311064718163,0,0.0,4790,4790,1.0,5,0.6780296339719187,0.2627532959902074,0.6488258561202993,0.24392557001890847,True,True,True,True,True,True,True,True,All label instances remain in the evaluation set.,Consolidation,958,52,906,24,855,True,0.6706147053829172,0.08872690599035304
label,head_only_k20_seed2027,head_only_k20,val,current_uzero_blankzero,Policy A,dicom_id,,958,367,0.38308977035490605,472,0.49269311064718163,0,0.0,4790,4790,1.0,5,0.6780296339719187,0.2627532959902074,0.6488258561202993,0.24392557001890847,True,True,True,True,True,True,True,True,All label instances remain in the evaluation set.,Edema,958,131,827,60,669,True,0.7399226487718877,0.2733019291457679
label,head_only_k20_seed2027,head_only_k20,val,current_uzero_blankzero,Policy A,dicom_id,,958,367,0.38308977035490605,472,0.49269311064718163,0,0.0,4790,4790,1.0,5,0.6780296339719187,0.2627532959902074,0.6488258561202993,0.24392557001890847,True,True,True,True,True,True,True,True,All label instances remain in the evaluation set.,Effusion,958,249,709,27,588,True,0.7121008717521708,0.40796616533171354
overall,head_only_k20_seed2027,head_only_k20,val,uignore_blankzero,Policy B,dicom_id,,958,367,0.38308977035490605,472,0.49269311064718163,0,0.0,4598,4790,0.9599164926931106,5,0.6845627290405359,0.27628360850413347,0.6558689256916979,0.2581277162622123,True,True,True,True,True,True,False,False,"All five labels remain valid, but some label instances are masked.",,,,,,,,,
label,head_only_k20_seed2027,head_only_k20,val,uignore_blankzero,Policy B,dicom_id,,958,367,0.38308977035490605,472,0.49269311064718163,0,0.0,4598,4790,0.9599164926931106,5,0.6845627290405359,0.27628360850413347,0.6558689256916979,0.2581277162622123,True,True,True,True,True,True,False,False,"All five labels remain valid, but some label instances are masked.",Atelectasis,906,194,712,52,708,True,0.6299519286458936,0.27950119988177574
label,head_only_k20_seed2027,head_only_k20,val,uignore_blankzero,Policy B,dicom_id,,958,367,0.38308977035490605,472,0.49269311064718163,0,0.0,4598,4790,0.9599164926931106,5,0.6845627290405359,0.27628360850413347,0.6558689256916979,0.2581277162622123,True,True,True,True,True,True,False,False,"All five labels remain valid, but some label instances are masked.",Cardiomegaly,929,205,724,29,661,True,0.6468467861474194,0.2902990901134403
label,head_only_k20_seed2027,head_only_k20,val,uignore_blankzero,Policy B,dicom_id,,958,367,0.38308977035490605,472,0.49269311064718163,0,0.0,4598,4790,0.9599164926931106,5,0.6845627290405359,0.27628360850413347,0.6558689256916979,0.2581277162622123,True,True,True,True,True,True,False,False,"All five labels remain valid, but some label instances are masked.",Consolidation,934,52,882,24,855,True,0.6770887842316414,0.09305449742194212
label,head_only_k20_seed2027,head_only_k20,val,uignore_blankzero,Policy B,dicom_id,,958,367,0.38308977035490605,472,0.49269311064718163,0,0.0,4598,4790,0.9599164926931106,5,0.6845627290405359,0.27628360850413347,0.6558689256916979,0.2581277162622123,True,True,True,True,True,True,False,False,"All five labels remain valid, but some label instances are masked.",Edema,898,131,767,60,669,True,0.7523413318470894,0.2981507657179867
label,head_only_k20_seed2027,head_only_k20,val,uignore_blankzero,Policy B,dicom_id,,958,367,0.38308977035490605,472,0.49269311064718163,0,0.0,4598,4790,0.9599164926931106,5,0.6845627290405359,0.27628360850413347,0.6558689256916979,0.2581277162622123,True,True,True,True,True,True,False,False,"All five labels remain valid, but some label instances are masked.",Effusion,931,249,682,27,588,True,0.7165848143306364,0.4204124893855226
overall,head_only_k20_seed2027,head_only_k20,val,uignore_blankignore,Policy C,dicom_id,,958,367,0.38308977035490605,472,0.49269311064718163,402,0.4196242171189979,1117,4790,0.23319415448851774,5,0.6859927129077442,0.855901425011624,0.7175616200886958,0.8591787052944466,True,True,True,True,True,True,False,False,"All five labels remain valid, but some label instances are masked.",,,,,,,,,
label,head_only_k20_seed2027,head_only_k20,val,uignore_blankignore,Policy C,dicom_id,,958,367,0.38308977035490605,472,0.49269311064718163,402,0.4196242171189979,1117,4790,0.23319415448851774,5,0.6859927129077442,0.855901425011624,0.7175616200886958,0.8591787052944466,True,True,True,True,True,True,False,False,"All five labels remain valid, but some label instances are masked.",Atelectasis,198,194,4,52,708,True,0.5682989690721649,0.9878760276435012
label,head_only_k20_seed2027,head_only_k20,val,uignore_blankignore,Policy C,dicom_id,,958,367,0.38308977035490605,472,0.49269311064718163,402,0.4196242171189979,1117,4790,0.23319415448851774,5,0.6859927129077442,0.855901425011624,0.7175616200886958,0.8591787052944466,True,True,True,True,True,True,False,False,"All five labels remain valid, but some label instances are masked.",Cardiomegaly,268,205,63,29,661,True,0.6522648083623693,0.8469518388082986
label,head_only_k20_seed2027,head_only_k20,val,uignore_blankignore,Policy C,dicom_id,,958,367,0.38308977035490605,472,0.49269311064718163,402,0.4196242171189979,1117,4790,0.23319415448851774,5,0.6859927129077442,0.855901425011624,0.7175616200886958,0.8591787052944466,True,True,True,True,True,True,False,False,"All five labels remain valid, but some label instances are masked.",Consolidation,79,52,27,24,855,True,0.7421652421652422,0.8170441582169478
label,head_only_k20_seed2027,head_only_k20,val,uignore_blankignore,Policy C,dicom_id,,958,367,0.38308977035490605,472,0.49269311064718163,402,0.4196242171189979,1117,4790,0.23319415448851774,5,0.6859927129077442,0.855901425011624,0.7175616200886958,0.8591787052944466,True,True,True,True,True,True,False,False,"All five labels remain valid, but some label instances are masked.",Edema,229,131,98,60,669,True,0.7294749961053123,0.7642429469157327
label,head_only_k20_seed2027,head_only_k20,val,uignore_blankignore,Policy C,dicom_id,,958,367,0.38308977035490605,472,0.49269311064718163,402,0.4196242171189979,1117,4790,0.23319415448851774,5,0.6859927129077442,0.855901425011624,0.7175616200886958,0.8591787052944466,True,True,True,True,True,True,False,False,"All five labels remain valid, but some label instances are masked.",Effusion,343,249,94,27,588,True,0.7377595488336325,0.8633921534736395
overall,head_only_k20_seed2027,head_only_k20,val,uone_blankzero,Policy D,dicom_id,,958,367,0.38308977035490605,521,0.5438413361169102,0,0.0,4790,4790,1.0,5,0.6795483587139722,0.31231694137927485,0.6533457579468351,0.2984371781875206,True,True,True,True,True,True,True,True,All label instances remain in the evaluation set.,,,,,,,,,
label,head_only_k20_seed2027,head_only_k20,val,uone_blankzero,Policy D,dicom_id,,958,367,0.38308977035490605,521,0.5438413361169102,0,0.0,4790,4790,1.0,5,0.6795483587139722,0.31231694137927485,0.6533457579468351,0.2984371781875206,True,True,True,True,True,True,True,True,All label instances remain in the evaluation set.,Atelectasis,958,246,712,52,708,True,0.6233442952407053,0.3248256208349065
label,head_only_k20_seed2027,head_only_k20,val,uone_blankzero,Policy D,dicom_id,,958,367,0.38308977035490605,521,0.5438413361169102,0,0.0,4790,4790,1.0,5,0.6795483587139722,0.31231694137927485,0.6533457579468351,0.2984371781875206,True,True,True,True,True,True,True,True,All label instances remain in the evaluation set.,Cardiomegaly,958,234,724,29,661,True,0.6396326202956036,0.31050779782765625
label,head_only_k20_seed2027,head_only_k20,val,uone_blankzero,Policy D,dicom_id,,958,367,0.38308977035490605,521,0.5438413361169102,0,0.0,4790,4790,1.0,5,0.6795483587139722,0.31231694137927485,0.6533457579468351,0.2984371781875206,True,True,True,True,True,True,True,True,All label instances remain in the evaluation set.,Consolidation,958,76,882,24,855,True,0.6928631101563432,0.13638053414382773
label,head_only_k20_seed2027,head_only_k20,val,uone_blankzero,Policy D,dicom_id,,958,367,0.38308977035490605,521,0.5438413361169102,0,0.0,4790,4790,1.0,5,0.6795483587139722,0.31231694137927485,0.6533457579468351,0.2984371781875206,True,True,True,True,True,True,True,True,All label instances remain in the evaluation set.,Edema,958,191,767,60,669,True,0.734540639057455,0.3535962810778138
label,head_only_k20_seed2027,head_only_k20,val,uone_blankzero,Policy D,dicom_id,,958,367,0.38308977035490605,521,0.5438413361169102,0,0.0,4790,4790,1.0,5,0.6795483587139722,0.31231694137927485,0.6533457579468351,0.2984371781875206,True,True,True,True,True,True,True,True,All label instances remain in the evaluation set.,Effusion,958,276,682,27,588,True,0.7073611288197542,0.43627447301217004
overall,head_only_k20_seed2027,head_only_k20,test,current_uzero_blankzero,Policy A,dicom_id,,596,131,0.2197986577181208,413,0.6929530201342282,0,0.0,2980,2980,1.0,5,0.6103803858906348,0.33193575396996733,0.621581660929934,0.3336639550576703,True,True,True,True,True,True,True,True,All label instances remain in the evaluation set.,,,,,,,,,
label,head_only_k20_seed2027,head_only_k20,test,current_uzero_blankzero,Policy A,dicom_id,,596,131,0.2197986577181208,413,0.6929530201342282,0,0.0,2980,2980,1.0,5,0.6103803858906348,0.33193575396996733,0.621581660929934,0.3336639550576703,True,True,True,True,True,True,True,True,All label instances remain in the evaluation set.,Atelectasis,596,170,426,32,387,True,0.5727699530516431,0.33112160500758037
label,head_only_k20_seed2027,head_only_k20,test,current_uzero_blankzero,Policy A,dicom_id,,596,131,0.2197986577181208,413,0.6929530201342282,0,0.0,2980,2980,1.0,5,0.6103803858906348,0.33193575396996733,0.621581660929934,0.3336639550576703,True,True,True,True,True,True,True,True,All label instances remain in the evaluation set.,Cardiomegaly,596,159,437,13,370,True,0.5624541254695392,0.31159152136548895
label,head_only_k20_seed2027,head_only_k20,test,current_uzero_blankzero,Policy A,dicom_id,,596,131,0.2197986577181208,413,0.6929530201342282,0,0.0,2980,2980,1.0,5,0.6103803858906348,0.33193575396996733,0.621581660929934,0.3336639550576703,True,True,True,True,True,True,True,True,All label instances remain in the evaluation set.,Consolidation,596,56,540,10,509,True,0.5104828042328042,0.11468656862176953
label,head_only_k20_seed2027,head_only_k20,test,current_uzero_blankzero,Policy A,dicom_id,,596,131,0.2197986577181208,413,0.6929530201342282,0,0.0,2980,2980,1.0,5,0.6103803858906348,0.33193575396996733,0.621581660929934,0.3336639550576703,True,True,True,True,True,True,True,True,All label instances remain in the evaluation set.,Edema,596,128,468,44,345,True,0.7208032852564102,0.376796799541877
label,head_only_k20_seed2027,head_only_k20,test,current_uzero_blankzero,Policy A,dicom_id,,596,131,0.2197986577181208,413,0.6929530201342282,0,0.0,2980,2980,1.0,5,0.6103803858906348,0.33193575396996733,0.621581660929934,0.3336639550576703,True,True,True,True,True,True,True,True,All label instances remain in the evaluation set.,Effusion,596,219,377,27,280,True,0.685391761442777,0.5254822753131211
overall,head_only_k20_seed2027,head_only_k20,test,uignore_blankzero,Policy B,dicom_id,,596,131,0.2197986577181208,413,0.6929530201342282,0,0.0,2854,2980,0.9577181208053691,5,0.6183284274989841,0.35470507344491503,0.6298432245072441,0.3559634846803639,True,True,True,True,True,True,False,False,"All five labels remain valid, but some label instances are masked.",,,,,,,,,
label,head_only_k20_seed2027,head_only_k20,test,uignore_blankzero,Policy B,dicom_id,,596,131,0.2197986577181208,413,0.6929530201342282,0,0.0,2854,2980,0.9577181208053691,5,0.6183284274989841,0.35470507344491503,0.6298432245072441,0.3559634846803639,True,True,True,True,True,True,False,False,"All five labels remain valid, but some label instances are masked.",Atelectasis,564,170,394,32,387,True,0.5766049567034935,0.35034157683303535
label,head_only_k20_seed2027,head_only_k20,test,uignore_blankzero,Policy B,dicom_id,,596,131,0.2197986577181208,413,0.6929530201342282,0,0.0,2854,2980,0.9577181208053691,5,0.6183284274989841,0.35470507344491503,0.6298432245072441,0.3559634846803639,True,True,True,True,True,True,False,False,"All five labels remain valid, but some label instances are masked.",Cardiomegaly,583,159,424,13,370,True,0.5655927376290495,0.32023248036513785
label,head_only_k20_seed2027,head_only_k20,test,uignore_blankzero,Policy B,dicom_id,,596,131,0.2197986577181208,413,0.6929530201342282,0,0.0,2854,2980,0.9577181208053691,5,0.6183284274989841,0.35470507344491503,0.6298432245072441,0.3559634846803639,True,True,True,True,True,True,False,False,"All five labels remain valid, but some label instances are masked.",Consolidation,586,56,530,10,509,True,0.5127021563342318,0.11650233527487514
label,head_only_k20_seed2027,head_only_k20,test,uignore_blankzero,Policy B,dicom_id,,596,131,0.2197986577181208,413,0.6929530201342282,0,0.0,2854,2980,0.9577181208053691,5,0.6183284274989841,0.35470507344491503,0.6298432245072441,0.3559634846803639,True,True,True,True,True,True,False,False,"All five labels remain valid, but some label instances are masked.",Edema,552,128,424,44,345,True,0.7395341981132076,0.43086842388082225
label,head_only_k20_seed2027,head_only_k20,test,uignore_blankzero,Policy B,dicom_id,,596,131,0.2197986577181208,413,0.6929530201342282,0,0.0,2854,2980,0.9577181208053691,5,0.6183284274989841,0.35470507344491503,0.6298432245072441,0.3559634846803639,True,True,True,True,True,True,False,False,"All five labels remain valid, but some label instances are masked.",Effusion,569,219,350,27,280,True,0.6972080887149381,0.5555805508707046
overall,head_only_k20_seed2027,head_only_k20,test,uignore_blankignore,Policy C,dicom_id,,596,131,0.2197986577181208,413,0.6929530201342282,150,0.2516778523489933,963,2980,0.3231543624161074,5,0.6296941768043136,0.8407870238362214,0.6959702410522083,0.8681634115803094,True,True,True,True,True,True,False,False,"All five labels remain valid, but some label instances are masked.",,,,,,,,,
label,head_only_k20_seed2027,head_only_k20,test,uignore_blankignore,Policy C,dicom_id,,596,131,0.2197986577181208,413,0.6929530201342282,150,0.2516778523489933,963,2980,0.3231543624161074,5,0.6296941768043136,0.8407870238362214,0.6959702410522083,0.8681634115803094,True,True,True,True,True,True,False,False,"All five labels remain valid, but some label instances are masked.",Atelectasis,177,170,7,32,387,True,0.5773109243697478,0.9680013273771562
label,head_only_k20_seed2027,head_only_k20,test,uignore_blankignore,Policy C,dicom_id,,596,131,0.2197986577181208,413,0.6929530201342282,150,0.2516778523489933,963,2980,0.3231543624161074,5,0.6296941768043136,0.8407870238362214,0.6959702410522083,0.8681634115803094,True,True,True,True,True,True,False,False,"All five labels remain valid, but some label instances are masked.",Cardiomegaly,213,159,54,13,370,True,0.6109946424411833,0.8074703904264322
label,head_only_k20_seed2027,head_only_k20,test,uignore_blankignore,Policy C,dicom_id,,596,131,0.2197986577181208,413,0.6929530201342282,150,0.2516778523489933,963,2980,0.3231543624161074,5,0.6296941768043136,0.8407870238362214,0.6959702410522083,0.8681634115803094,True,True,True,True,True,True,False,False,"All five labels remain valid, but some label instances are masked.",Consolidation,77,56,21,10,509,True,0.5034013605442177,0.7388356419490093
label,head_only_k20_seed2027,head_only_k20,test,uignore_blankignore,Policy C,dicom_id,,596,131,0.2197986577181208,413,0.6929530201342282,150,0.2516778523489933,963,2980,0.3231543624161074,5,0.6296941768043136,0.8407870238362214,0.6959702410522083,0.8681634115803094,True,True,True,True,True,True,False,False,"All five labels remain valid, but some label instances are masked.",Edema,207,128,79,44,345,True,0.766613924050633,0.8374665911542803
label,head_only_k20_seed2027,head_only_k20,test,uignore_blankignore,Policy C,dicom_id,,596,131,0.2197986577181208,413,0.6929530201342282,150,0.2516778523489933,963,2980,0.3231543624161074,5,0.6296941768043136,0.8407870238362214,0.6959702410522083,0.8681634115803094,True,True,True,True,True,True,False,False,"All five labels remain valid, but some label instances are masked.",Effusion,289,219,70,27,280,True,0.6901500326157861,0.8521611682742298
overall,head_only_k20_seed2027,head_only_k20,test,uone_blankzero,Policy D,dicom_id,,596,131,0.2197986577181208,440,0.738255033557047,0,0.0,2980,2980,1.0,5,0.6182308753622281,0.3861391153935777,0.6325820739110088,0.39542315395833216,True,True,True,True,True,True,True,True,All label instances remain in the evaluation set.,,,,,,,,,
label,head_only_k20_seed2027,head_only_k20,test,uone_blankzero,Policy D,dicom_id,,596,131,0.2197986577181208,440,0.738255033557047,0,0.0,2980,2980,1.0,5,0.6182308753622281,0.3861391153935777,0.6325820739110088,0.39542315395833216,True,True,True,True,True,True,True,True,All label instances remain in the evaluation set.,Atelectasis,596,202,394,32,387,True,0.5726114489621551,0.3855835028964194
label,head_only_k20_seed2027,head_only_k20,test,uone_blankzero,Policy D,dicom_id,,596,131,0.2197986577181208,440,0.738255033557047,0,0.0,2980,2980,1.0,5,0.6182308753622281,0.3861391153935777,0.6325820739110088,0.39542315395833216,True,True,True,True,True,True,True,True,All label instances remain in the evaluation set.,Cardiomegaly,596,172,424,13,370,True,0.5682179684071962,0.33895199260922704
label,head_only_k20_seed2027,head_only_k20,test,uone_blankzero,Policy D,dicom_id,,596,131,0.2197986577181208,440,0.738255033557047,0,0.0,2980,2980,1.0,5,0.6182308753622281,0.3861391153935777,0.6325820739110088,0.39542315395833216,True,True,True,True,True,True,True,True,All label instances remain in the evaluation set.,Consolidation,596,66,530,10,509,True,0.5276157804459691,0.13069377255863016
label,head_only_k20_seed2027,head_only_k20,test,uone_blankzero,Policy D,dicom_id,,596,131,0.2197986577181208,440,0.738255033557047,0,0.0,2980,2980,1.0,5,0.6182308753622281,0.3861391153935777,0.6325820739110088,0.39542315395833216,True,True,True,True,True,True,True,True,All label instances remain in the evaluation set.,Edema,596,172,424,44,345,True,0.7273200965335673,0.49614401204794717
label,head_only_k20_seed2027,head_only_k20,test,uone_blankzero,Policy D,dicom_id,,596,131,0.2197986577181208,440,0.738255033557047,0,0.0,2980,2980,1.0,5,0.6182308753622281,0.3861391153935777,0.6325820739110088,0.39542315395833216,True,True,True,True,True,True,True,True,All label instances remain in the evaluation set.,Effusion,596,246,350,27,280,True,0.6953890824622532,0.5793222968556647
overall,full_ft_k5_seed2027,full_ft_k5,val,current_uzero_blankzero,Policy A,dicom_id,,958,367,0.38308977035490605,472,0.49269311064718163,0,0.0,4790,4790,1.0,5,0.6972387890569642,0.2803464133202719,0.7022957030379684,0.28716157291130595,True,True,True,True,True,True,True,True,All label instances remain in the evaluation set.,,,,,,,,,
label,full_ft_k5_seed2027,full_ft_k5,val,current_uzero_blankzero,Policy A,dicom_id,,958,367,0.38308977035490605,472,0.49269311064718163,0,0.0,4790,4790,1.0,5,0.6972387890569642,0.2803464133202719,0.7022957030379684,0.28716157291130595,True,True,True,True,True,True,True,True,All label instances remain in the evaluation set.,Atelectasis,958,194,764,52,708,True,0.6681802234576564,0.3003123746516395
label,full_ft_k5_seed2027,full_ft_k5,val,current_uzero_blankzero,Policy A,dicom_id,,958,367,0.38308977035490605,472,0.49269311064718163,0,0.0,4790,4790,1.0,5,0.6972387890569642,0.2803464133202719,0.7022957030379684,0.28716157291130595,True,True,True,True,True,True,True,True,All label instances remain in the evaluation set.,Cardiomegaly,958,205,753,29,661,True,0.6491173517312863,0.3028854815918944
label,full_ft_k5_seed2027,full_ft_k5,val,current_uzero_blankzero,Policy A,dicom_id,,958,367,0.38308977035490605,472,0.49269311064718163,0,0.0,4790,4790,1.0,5,0.6972387890569642,0.2803464133202719,0.7022957030379684,0.28716157291130595,True,True,True,True,True,True,True,True,All label instances remain in the evaluation set.,Consolidation,958,52,906,24,855,True,0.6788503990490746,0.08955751272643692
label,full_ft_k5_seed2027,full_ft_k5,val,current_uzero_blankzero,Policy A,dicom_id,,958,367,0.38308977035490605,472,0.49269311064718163,0,0.0,4790,4790,1.0,5,0.6972387890569642,0.2803464133202719,0.7022957030379684,0.28716157291130595,True,True,True,True,True,True,True,True,All label instances remain in the evaluation set.,Edema,958,131,827,60,669,True,0.7531406629314085,0.2847521647901409
label,full_ft_k5_seed2027,full_ft_k5,val,current_uzero_blankzero,Policy A,dicom_id,,958,367,0.38308977035490605,472,0.49269311064718163,0,0.0,4790,4790,1.0,5,0.6972387890569642,0.2803464133202719,0.7022957030379684,0.28716157291130595,True,True,True,True,True,True,True,True,All label instances remain in the evaluation set.,Effusion,958,249,709,27,588,True,0.7369053081153953,0.4242245328412475
overall,full_ft_k5_seed2027,full_ft_k5,val,uignore_blankzero,Policy B,dicom_id,,958,367,0.38308977035490605,472,0.49269311064718163,0,0.0,4598,4790,0.9599164926931106,5,0.7037207935259688,0.29406488230958716,0.7076808959432043,0.3015683221791523,True,True,True,True,True,True,False,False,"All five labels remain valid, but some label instances are masked.",,,,,,,,,
label,full_ft_k5_seed2027,full_ft_k5,val,uignore_blankzero,Policy B,dicom_id,,958,367,0.38308977035490605,472,0.49269311064718163,0,0.0,4598,4790,0.9599164926931106,5,0.7037207935259688,0.29406488230958716,0.7076808959432043,0.3015683221791523,True,True,True,True,True,True,False,False,"All five labels remain valid, but some label instances are masked.",Atelectasis,906,194,712,52,708,True,0.6764667554731844,0.32040048411948163
label,full_ft_k5_seed2027,full_ft_k5,val,uignore_blankzero,Policy B,dicom_id,,958,367,0.38308977035490605,472,0.49269311064718163,0,0.0,4598,4790,0.9599164926931106,5,0.7037207935259688,0.29406488230958716,0.7076808959432043,0.3015683221791523,True,True,True,True,True,True,False,False,"All five labels remain valid, but some label instances are masked.",Cardiomegaly,929,205,724,29,661,True,0.650296456003234,0.3109971523375623
label,full_ft_k5_seed2027,full_ft_k5,val,uignore_blankzero,Policy B,dicom_id,,958,367,0.38308977035490605,472,0.49269311064718163,0,0.0,4598,4790,0.9599164926931106,5,0.7037207935259688,0.29406488230958716,0.7076808959432043,0.3015683221791523,True,True,True,True,True,True,False,False,"All five labels remain valid, but some label instances are masked.",Consolidation,934,52,882,24,855,True,0.6856793999651143,0.09466834964439401
label,full_ft_k5_seed2027,full_ft_k5,val,uignore_blankzero,Policy B,dicom_id,,958,367,0.38308977035490605,472,0.49269311064718163,0,0.0,4598,4790,0.9599164926931106,5,0.7037207935259688,0.29406488230958716,0.7076808959432043,0.3015683221791523,True,True,True,True,True,True,False,False,"All five labels remain valid, but some label instances are masked.",Edema,898,131,767,60,669,True,0.7657274799207779,0.30864683389800035
label,full_ft_k5_seed2027,full_ft_k5,val,uignore_blankzero,Policy B,dicom_id,,958,367,0.38308977035490605,472,0.49269311064718163,0,0.0,4598,4790,0.9599164926931106,5,0.7037207935259688,0.29406488230958716,0.7076808959432043,0.3015683221791523,True,True,True,True,True,True,False,False,"All five labels remain valid, but some label instances are masked.",Effusion,931,249,682,27,588,True,0.7404338762675335,0.43561159154849755
overall,full_ft_k5_seed2027,full_ft_k5,val,uignore_blankignore,Policy C,dicom_id,,958,367,0.38308977035490605,472,0.49269311064718163,402,0.4196242171189979,1117,4790,0.23319415448851774,5,0.7225921704813026,0.8674147560570671,0.7699166056566777,0.8867547218172854,True,True,True,True,True,True,False,False,"All five labels remain valid, but some label instances are masked.",,,,,,,,,
label,full_ft_k5_seed2027,full_ft_k5,val,uignore_blankignore,Policy C,dicom_id,,958,367,0.38308977035490605,472,0.49269311064718163,402,0.4196242171189979,1117,4790,0.23319415448851774,5,0.7225921704813026,0.8674147560570671,0.7699166056566777,0.8867547218172854,True,True,True,True,True,True,False,False,"All five labels remain valid, but some label instances are masked.",Atelectasis,198,194,4,52,708,True,0.6920103092783505,0.9920730495640657
label,full_ft_k5_seed2027,full_ft_k5,val,uignore_blankignore,Policy C,dicom_id,,958,367,0.38308977035490605,472,0.49269311064718163,402,0.4196242171189979,1117,4790,0.23319415448851774,5,0.7225921704813026,0.8674147560570671,0.7699166056566777,0.8867547218172854,True,True,True,True,True,True,False,False,"All five labels remain valid, but some label instances are masked.",Cardiomegaly,268,205,63,29,661,True,0.6529616724738676,0.8495542520498052
label,full_ft_k5_seed2027,full_ft_k5,val,uignore_blankignore,Policy C,dicom_id,,958,367,0.38308977035490605,472,0.49269311064718163,402,0.4196242171189979,1117,4790,0.23319415448851774,5,0.7225921704813026,0.8674147560570671,0.7699166056566777,0.8867547218172854,True,True,True,True,True,True,False,False,"All five labels remain valid, but some label instances are masked.",Consolidation,79,52,27,24,855,True,0.7592592592592592,0.858417607808966
label,full_ft_k5_seed2027,full_ft_k5,val,uignore_blankignore,Policy C,dicom_id,,958,367,0.38308977035490605,472,0.49269311064718163,402,0.4196242171189979,1117,4790,0.23319415448851774,5,0.7225921704813026,0.8674147560570671,0.7699166056566777,0.8867547218172854,True,True,True,True,True,True,False,False,"All five labels remain valid, but some label instances are masked.",Edema,229,131,98,60,669,True,0.7430285091135691,0.7741568006525297
label,full_ft_k5_seed2027,full_ft_k5,val,uignore_blankignore,Policy C,dicom_id,,958,367,0.38308977035490605,472,0.49269311064718163,402,0.4196242171189979,1117,4790,0.23319415448851774,5,0.7225921704813026,0.8674147560570671,0.7699166056566777,0.8867547218172854,True,True,True,True,True,True,False,False,"All five labels remain valid, but some label instances are masked.",Effusion,343,249,94,27,588,True,0.7657011022814663,0.8628720702099693
overall,full_ft_k5_seed2027,full_ft_k5,val,uone_blankzero,Policy D,dicom_id,,958,367,0.38308977035490605,521,0.5438413361169102,0,0.0,4790,4790,1.0,5,0.6961334955284022,0.32856202184413086,0.6916414891786755,0.33231320312306145,True,True,True,True,True,True,True,True,All label instances remain in the evaluation set.,,,,,,,,,
label,full_ft_k5_seed2027,full_ft_k5,val,uone_blankzero,Policy D,dicom_id,,958,367,0.38308977035490605,521,0.5438413361169102,0,0.0,4790,4790,1.0,5,0.6961334955284022,0.32856202184413086,0.6916414891786755,0.33231320312306145,True,True,True,True,True,True,True,True,All label instances remain in the evaluation set.,Atelectasis,958,246,712,52,708,True,0.6676429615419749,0.36259504411763654
label,full_ft_k5_seed2027,full_ft_k5,val,uone_blankzero,Policy D,dicom_id,,958,367,0.38308977035490605,521,0.5438413361169102,0,0.0,4790,4790,1.0,5,0.6961334955284022,0.32856202184413086,0.6916414891786755,0.33231320312306145,True,True,True,True,True,True,True,True,All label instances remain in the evaluation set.,Cardiomegaly,958,234,724,29,661,True,0.6366222788874721,0.3278830304217386
label,full_ft_k5_seed2027,full_ft_k5,val,uone_blankzero,Policy D,dicom_id,,958,367,0.38308977035490605,521,0.5438413361169102,0,0.0,4790,4790,1.0,5,0.6961334955284022,0.32856202184413086,0.6916414891786755,0.33231320312306145,True,True,True,True,True,True,True,True,All label instances remain in the evaluation set.,Consolidation,958,76,882,24,855,True,0.6996210765007758,0.14111762169947878
label,full_ft_k5_seed2027,full_ft_k5,val,uone_blankzero,Policy D,dicom_id,,958,367,0.38308977035490605,521,0.5438413361169102,0,0.0,4790,4790,1.0,5,0.6961334955284022,0.32856202184413086,0.6916414891786755,0.33231320312306145,True,True,True,True,True,True,True,True,All label instances remain in the evaluation set.,Edema,958,191,767,60,669,True,0.747585274783784,0.36228688138583287
label,full_ft_k5_seed2027,full_ft_k5,val,uone_blankzero,Policy D,dicom_id,,958,367,0.38308977035490605,521,0.5438413361169102,0,0.0,4790,4790,1.0,5,0.6961334955284022,0.32856202184413086,0.6916414891786755,0.33231320312306145,True,True,True,True,True,True,True,True,All label instances remain in the evaluation set.,Effusion,958,276,682,27,588,True,0.7291958859280037,0.4489275315959672
overall,full_ft_k5_seed2027,full_ft_k5,test,current_uzero_blankzero,Policy A,dicom_id,,596,131,0.2197986577181208,413,0.6929530201342282,0,0.0,2980,2980,1.0,5,0.6239150765094617,0.34360227826389284,0.6538380199521615,0.3616239482656398,True,True,True,True,True,True,True,True,All label instances remain in the evaluation set.,,,,,,,,,
label,full_ft_k5_seed2027,full_ft_k5,test,current_uzero_blankzero,Policy A,dicom_id,,596,131,0.2197986577181208,413,0.6929530201342282,0,0.0,2980,2980,1.0,5,0.6239150765094617,0.34360227826389284,0.6538380199521615,0.3616239482656398,True,True,True,True,True,True,True,True,All label instances remain in the evaluation set.,Atelectasis,596,170,426,32,387,True,0.5910107705053853,0.3438110305858373
label,full_ft_k5_seed2027,full_ft_k5,test,current_uzero_blankzero,Policy A,dicom_id,,596,131,0.2197986577181208,413,0.6929530201342282,0,0.0,2980,2980,1.0,5,0.6239150765094617,0.34360227826389284,0.6538380199521615,0.3616239482656398,True,True,True,True,True,True,True,True,All label instances remain in the evaluation set.,Cardiomegaly,596,159,437,13,370,True,0.5829627390872587,0.3235346032765588
label,full_ft_k5_seed2027,full_ft_k5,test,current_uzero_blankzero,Policy A,dicom_id,,596,131,0.2197986577181208,413,0.6929530201342282,0,0.0,2980,2980,1.0,5,0.6239150765094617,0.34360227826389284,0.6538380199521615,0.3616239482656398,True,True,True,True,True,True,True,True,All label instances remain in the evaluation set.,Consolidation,596,56,540,10,509,True,0.5254960317460317,0.10120052416189841
label,full_ft_k5_seed2027,full_ft_k5,test,current_uzero_blankzero,Policy A,dicom_id,,596,131,0.2197986577181208,413,0.6929530201342282,0,0.0,2980,2980,1.0,5,0.6239150765094617,0.34360227826389284,0.6538380199521615,0.3616239482656398,True,True,True,True,True,True,True,True,All label instances remain in the evaluation set.,Edema,596,128,468,44,345,True,0.7349926549145299,0.40968192309266005
label,full_ft_k5_seed2027,full_ft_k5,test,current_uzero_blankzero,Policy A,dicom_id,,596,131,0.2197986577181208,413,0.6929530201342282,0,0.0,2980,2980,1.0,5,0.6239150765094617,0.34360227826389284,0.6538380199521615,0.3616239482656398,True,True,True,True,True,True,True,True,All label instances remain in the evaluation set.,Effusion,596,219,377,27,280,True,0.6851131862941026,0.5397833102025096
overall,full_ft_k5_seed2027,full_ft_k5,test,uignore_blankzero,Policy B,dicom_id,,596,131,0.2197986577181208,413,0.6929530201342282,0,0.0,2854,2980,0.9577181208053691,5,0.631380974011426,0.36597217129671095,0.6604006685104784,0.3817446211535246,True,True,True,True,True,True,False,False,"All five labels remain valid, but some label instances are masked.",,,,,,,,,
label,full_ft_k5_seed2027,full_ft_k5,test,uignore_blankzero,Policy B,dicom_id,,596,131,0.2197986577181208,413,0.6929530201342282,0,0.0,2854,2980,0.9577181208053691,5,0.631380974011426,0.36597217129671095,0.6604006685104784,0.3817446211535246,True,True,True,True,True,True,False,False,"All five labels remain valid, but some label instances are masked.",Atelectasis,564,170,394,32,387,True,0.5978948939982083,0.36410086429565186
label,full_ft_k5_seed2027,full_ft_k5,test,uignore_blankzero,Policy B,dicom_id,,596,131,0.2197986577181208,413,0.6929530201342282,0,0.0,2854,2980,0.9577181208053691,5,0.631380974011426,0.36597217129671095,0.6604006685104784,0.3817446211535246,True,True,True,True,True,True,False,False,"All five labels remain valid, but some label instances are masked.",Cardiomegaly,583,159,424,13,370,True,0.5862554883113802,0.33354771012008744
label,full_ft_k5_seed2027,full_ft_k5,test,uignore_blankzero,Policy B,dicom_id,,596,131,0.2197986577181208,413,0.6929530201342282,0,0.0,2854,2980,0.9577181208053691,5,0.631380974011426,0.36597217129671095,0.6604006685104784,0.3817446211535246,True,True,True,True,True,True,False,False,"All five labels remain valid, but some label instances are masked.",Consolidation,586,56,530,10,509,True,0.5283018867924528,0.10343929906428517
label,full_ft_k5_seed2027,full_ft_k5,test,uignore_blankzero,Policy B,dicom_id,,596,131,0.2197986577181208,413,0.6929530201342282,0,0.0,2854,2980,0.9577181208053691,5,0.631380974011426,0.36597217129671095,0.6604006685104784,0.3817446211535246,True,True,True,True,True,True,False,False,"All five labels remain valid, but some label instances are masked.",Edema,552,128,424,44,345,True,0.7508844339622641,0.4670561325241853
label,full_ft_k5_seed2027,full_ft_k5,test,uignore_blankzero,Policy B,dicom_id,,596,131,0.2197986577181208,413,0.6929530201342282,0,0.0,2854,2980,0.9577181208053691,5,0.631380974011426,0.36597217129671095,0.6604006685104784,0.3817446211535246,True,True,True,True,True,True,False,False,"All five labels remain valid, but some label instances are masked.",Effusion,569,219,350,27,280,True,0.6935681669928244,0.561716850479345
overall,full_ft_k5_seed2027,full_ft_k5,test,uignore_blankignore,Policy C,dicom_id,,596,131,0.2197986577181208,413,0.6929530201342282,150,0.2516778523489933,963,2980,0.3231543624161074,5,0.6566079528626846,0.863272712360694,0.7305490502211813,0.880458933190142,True,True,True,True,True,True,False,False,"All five labels remain valid, but some label instances are masked.",,,,,,,,,
label,full_ft_k5_seed2027,full_ft_k5,test,uignore_blankignore,Policy C,dicom_id,,596,131,0.2197986577181208,413,0.6929530201342282,150,0.2516778523489933,963,2980,0.3231543624161074,5,0.6566079528626846,0.863272712360694,0.7305490502211813,0.880458933190142,True,True,True,True,True,True,False,False,"All five labels remain valid, but some label instances are masked.",Atelectasis,177,170,7,32,387,True,0.6302521008403361,0.9780620336885512
label,full_ft_k5_seed2027,full_ft_k5,test,uignore_blankignore,Policy C,dicom_id,,596,131,0.2197986577181208,413,0.6929530201342282,150,0.2516778523489933,963,2980,0.3231543624161074,5,0.6566079528626846,0.863272712360694,0.7305490502211813,0.880458933190142,True,True,True,True,True,True,False,False,"All five labels remain valid, but some label instances are masked.",Cardiomegaly,213,159,54,13,370,True,0.6366177498252971,0.8259917768710245
label,full_ft_k5_seed2027,full_ft_k5,test,uignore_blankignore,Policy C,dicom_id,,596,131,0.2197986577181208,413,0.6929530201342282,150,0.2516778523489933,963,2980,0.3231543624161074,5,0.6566079528626846,0.863272712360694,0.7305490502211813,0.880458933190142,True,True,True,True,True,True,False,False,"All five labels remain valid, but some label instances are masked.",Consolidation,77,56,21,10,509,True,0.5289115646258504,0.7788286723779684
label,full_ft_k5_seed2027,full_ft_k5,test,uignore_blankignore,Policy C,dicom_id,,596,131,0.2197986577181208,413,0.6929530201342282,150,0.2516778523489933,963,2980,0.3231543624161074,5,0.6566079528626846,0.863272712360694,0.7305490502211813,0.880458933190142,True,True,True,True,True,True,False,False,"All five labels remain valid, but some label instances are masked.",Edema,207,128,79,44,345,True,0.8004351265822784,0.8766412746457337
label,full_ft_k5_seed2027,full_ft_k5,test,uignore_blankignore,Policy C,dicom_id,,596,131,0.2197986577181208,413,0.6929530201342282,150,0.2516778523489933,963,2980,0.3231543624161074,5,0.6566079528626846,0.863272712360694,0.7305490502211813,0.880458933190142,True,True,True,True,True,True,False,False,"All five labels remain valid, but some label instances are masked.",Effusion,289,219,70,27,280,True,0.6868232224396608,0.8568398042201928
overall,full_ft_k5_seed2027,full_ft_k5,test,uone_blankzero,Policy D,dicom_id,,596,131,0.2197986577181208,440,0.738255033557047,0,0.0,2980,2980,1.0,5,0.6299356680846557,0.39518028298369556,0.6540966102700316,0.4118787163072817,True,True,True,True,True,True,True,True,All label instances remain in the evaluation set.,,,,,,,,,
label,full_ft_k5_seed2027,full_ft_k5,test,uone_blankzero,Policy D,dicom_id,,596,131,0.2197986577181208,440,0.738255033557047,0,0.0,2980,2980,1.0,5,0.6299356680846557,0.39518028298369556,0.6540966102700316,0.4118787163072817,True,True,True,True,True,True,True,True,All label instances remain in the evaluation set.,Atelectasis,596,202,394,32,387,True,0.596308488716892,0.3991950427979365
label,full_ft_k5_seed2027,full_ft_k5,test,uone_blankzero,Policy D,dicom_id,,596,131,0.2197986577181208,440,0.738255033557047,0,0.0,2980,2980,1.0,5,0.6299356680846557,0.39518028298369556,0.6540966102700316,0.4118787163072817,True,True,True,True,True,True,True,True,All label instances remain in the evaluation set.,Cardiomegaly,596,172,424,13,370,True,0.5877715006581834,0.3533114692491012
label,full_ft_k5_seed2027,full_ft_k5,test,uone_blankzero,Policy D,dicom_id,,596,131,0.2197986577181208,440,0.738255033557047,0,0.0,2980,2980,1.0,5,0.6299356680846557,0.39518028298369556,0.6540966102700316,0.4118787163072817,True,True,True,True,True,True,True,True,All label instances remain in the evaluation set.,Consolidation,596,66,530,10,509,True,0.5446255002858776,0.12265739659831054
label,full_ft_k5_seed2027,full_ft_k5,test,uone_blankzero,Policy D,dicom_id,,596,131,0.2197986577181208,440,0.738255033557047,0,0.0,2980,2980,1.0,5,0.6299356680846557,0.39518028298369556,0.6540966102700316,0.4118787163072817,True,True,True,True,True,True,True,True,All label instances remain in the evaluation set.,Edema,596,172,424,44,345,True,0.7309263931548924,0.5218949253472023
label,full_ft_k5_seed2027,full_ft_k5,test,uone_blankzero,Policy D,dicom_id,,596,131,0.2197986577181208,440,0.738255033557047,0,0.0,2980,2980,1.0,5,0.6299356680846557,0.39518028298369556,0.6540966102700316,0.4118787163072817,True,True,True,True,True,True,True,True,All label instances remain in the evaluation set.,Effusion,596,246,350,27,280,True,0.6900464576074332,0.5788425809259274
overall,full_ft_k20_seed2027,full_ft_k20,val,current_uzero_blankzero,Policy A,dicom_id,,958,367,0.38308977035490605,472,0.49269311064718163,0,0.0,4790,4790,1.0,5,0.6981429758138025,0.28304087859888316,0.6999771119680699,0.2830988729641789,True,True,True,True,True,True,True,True,All label instances remain in the evaluation set.,,,,,,,,,
label,full_ft_k20_seed2027,full_ft_k20,val,current_uzero_blankzero,Policy A,dicom_id,,958,367,0.38308977035490605,472,0.49269311064718163,0,0.0,4790,4790,1.0,5,0.6981429758138025,0.28304087859888316,0.6999771119680699,0.2830988729641789,True,True,True,True,True,True,True,True,All label instances remain in the evaluation set.,Atelectasis,958,194,764,52,708,True,0.6679373347007072,0.3060775313030715
label,full_ft_k20_seed2027,full_ft_k20,val,current_uzero_blankzero,Policy A,dicom_id,,958,367,0.38308977035490605,472,0.49269311064718163,0,0.0,4790,4790,1.0,5,0.6981429758138025,0.28304087859888316,0.6999771119680699,0.2830988729641789,True,True,True,True,True,True,True,True,All label instances remain in the evaluation set.,Cardiomegaly,958,205,753,29,661,True,0.6609464580701584,0.30775011230787475
label,full_ft_k20_seed2027,full_ft_k20,val,current_uzero_blankzero,Policy A,dicom_id,,958,367,0.38308977035490605,472,0.49269311064718163,0,0.0,4790,4790,1.0,5,0.6981429758138025,0.28304087859888316,0.6999771119680699,0.2830988729641789,True,True,True,True,True,True,True,True,All label instances remain in the evaluation set.,Consolidation,958,52,906,24,855,True,0.679635761589404,0.09535398348714723
label,full_ft_k20_seed2027,full_ft_k20,val,current_uzero_blankzero,Policy A,dicom_id,,958,367,0.38308977035490605,472,0.49269311064718163,0,0.0,4790,4790,1.0,5,0.6981429758138025,0.28304087859888316,0.6999771119680699,0.2830988729641789,True,True,True,True,True,True,True,True,All label instances remain in the evaluation set.,Edema,958,131,827,60,669,True,0.7438455929183936,0.2797655477145802
label,full_ft_k20_seed2027,full_ft_k20,val,current_uzero_blankzero,Policy A,dicom_id,,958,367,0.38308977035490605,472,0.49269311064718163,0,0.0,4790,4790,1.0,5,0.6981429758138025,0.28304087859888316,0.6999771119680699,0.2830988729641789,True,True,True,True,True,True,True,True,All label instances remain in the evaluation set.,Effusion,958,249,709,27,588,True,0.738349731790349,0.4262572181817422
overall,full_ft_k20_seed2027,full_ft_k20,val,uignore_blankzero,Policy B,dicom_id,,958,367,0.38308977035490605,472,0.49269311064718163,0,0.0,4598,4790,0.9599164926931106,5,0.7050421287618551,0.29759138405426305,0.7059727949700626,0.2984916485401668,True,True,True,True,True,True,False,False,"All five labels remain valid, but some label instances are masked.",,,,,,,,,
label,full_ft_k20_seed2027,full_ft_k20,val,uignore_blankzero,Policy B,dicom_id,,958,367,0.38308977035490605,472,0.49269311064718163,0,0.0,4598,4790,0.9599164926931106,5,0.7050421287618551,0.29759138405426305,0.7059727949700626,0.2984916485401668,True,True,True,True,True,True,False,False,"All five labels remain valid, but some label instances are masked.",Atelectasis,906,194,712,52,708,True,0.6768142592378084,0.3266716431540579
label,full_ft_k20_seed2027,full_ft_k20,val,uignore_blankzero,Policy B,dicom_id,,958,367,0.38308977035490605,472,0.49269311064718163,0,0.0,4598,4790,0.9599164926931106,5,0.7050421287618551,0.29759138405426305,0.7059727949700626,0.2984916485401668,True,True,True,True,True,True,False,False,"All five labels remain valid, but some label instances are masked.",Cardiomegaly,929,205,724,29,661,True,0.661972779948794,0.3161235559032953
label,full_ft_k20_seed2027,full_ft_k20,val,uignore_blankzero,Policy B,dicom_id,,958,367,0.38308977035490605,472,0.49269311064718163,0,0.0,4598,4790,0.9599164926931106,5,0.7050421287618551,0.29759138405426305,0.7059727949700626,0.2984916485401668,True,True,True,True,True,True,False,False,"All five labels remain valid, but some label instances are masked.",Consolidation,934,52,882,24,855,True,0.6863335077620791,0.10054239896704917
label,full_ft_k20_seed2027,full_ft_k20,val,uignore_blankzero,Policy B,dicom_id,,958,367,0.38308977035490605,472,0.49269311064718163,0,0.0,4598,4790,0.9599164926931106,5,0.7050421287618551,0.29759138405426305,0.7059727949700626,0.2984916485401668,True,True,True,True,True,True,False,False,"All five labels remain valid, but some label instances are masked.",Edema,898,131,767,60,669,True,0.7573773102302019,0.3052213902200081
label,full_ft_k20_seed2027,full_ft_k20,val,uignore_blankzero,Policy B,dicom_id,,958,367,0.38308977035490605,472,0.49269311064718163,0,0.0,4598,4790,0.9599164926931106,5,0.7050421287618551,0.29759138405426305,0.7059727949700626,0.2984916485401668,True,True,True,True,True,True,False,False,"All five labels remain valid, but some label instances are masked.",Effusion,931,249,682,27,588,True,0.7427127866303926,0.4393979320269047
overall,full_ft_k20_seed2027,full_ft_k20,val,uignore_blankignore,Policy C,dicom_id,,958,367,0.38308977035490605,472,0.49269311064718163,402,0.4196242171189979,1117,4790,0.23319415448851774,5,0.7145762493455539,0.8703350383237108,0.7763247582742168,0.892405400515809,True,True,True,True,True,True,False,False,"All five labels remain valid, but some label instances are masked.",,,,,,,,,
label,full_ft_k20_seed2027,full_ft_k20,val,uignore_blankignore,Policy C,dicom_id,,958,367,0.38308977035490605,472,0.49269311064718163,402,0.4196242171189979,1117,4790,0.23319415448851774,5,0.7145762493455539,0.8703350383237108,0.7763247582742168,0.892405400515809,True,True,True,True,True,True,False,False,"All five labels remain valid, but some label instances are masked.",Atelectasis,198,194,4,52,708,True,0.6121134020618557,0.9893627800067513
label,full_ft_k20_seed2027,full_ft_k20,val,uignore_blankignore,Policy C,dicom_id,,958,367,0.38308977035490605,472,0.49269311064718163,402,0.4196242171189979,1117,4790,0.23319415448851774,5,0.7145762493455539,0.8703350383237108,0.7763247582742168,0.892405400515809,True,True,True,True,True,True,False,False,"All five labels remain valid, but some label instances are masked.",Cardiomegaly,268,205,63,29,661,True,0.6857142857142856,0.866670770473779
label,full_ft_k20_seed2027,full_ft_k20,val,uignore_blankignore,Policy C,dicom_id,,958,367,0.38308977035490605,472,0.49269311064718163,402,0.4196242171189979,1117,4790,0.23319415448851774,5,0.7145762493455539,0.8703350383237108,0.7763247582742168,0.892405400515809,True,True,True,True,True,True,False,False,"All five labels remain valid, but some label instances are masked.",Consolidation,79,52,27,24,855,True,0.7720797720797721,0.8617977160120645
label,full_ft_k20_seed2027,full_ft_k20,val,uignore_blankignore,Policy C,dicom_id,,958,367,0.38308977035490605,472,0.49269311064718163,402,0.4196242171189979,1117,4790,0.23319415448851774,5,0.7145762493455539,0.8703350383237108,0.7763247582742168,0.892405400515809,True,True,True,True,True,True,False,False,"All five labels remain valid, but some label instances are masked.",Edema,229,131,98,60,669,True,0.7332138962455211,0.7680519077571816
label,full_ft_k20_seed2027,full_ft_k20,val,uignore_blankignore,Policy C,dicom_id,,958,367,0.38308977035490605,472,0.49269311064718163,402,0.4196242171189979,1117,4790,0.23319415448851774,5,0.7145762493455539,0.8703350383237108,0.7763247582742168,0.892405400515809,True,True,True,True,True,True,False,False,"All five labels remain valid, but some label instances are masked.",Effusion,343,249,94,27,588,True,0.7697598906263351,0.8657920173687774
overall,full_ft_k20_seed2027,full_ft_k20,val,uone_blankzero,Policy D,dicom_id,,958,367,0.38308977035490605,521,0.5438413361169102,0,0.0,4790,4790,1.0,5,0.6979060536675616,0.3328646950630324,0.6919850603623949,0.33206268603341293,True,True,True,True,True,True,True,True,All label instances remain in the evaluation set.,,,,,,,,,
label,full_ft_k20_seed2027,full_ft_k20,val,uone_blankzero,Policy D,dicom_id,,958,367,0.38308977035490605,521,0.5438413361169102,0,0.0,4790,4790,1.0,5,0.6979060536675616,0.3328646950630324,0.6919850603623949,0.33206268603341293,True,True,True,True,True,True,True,True,All label instances remain in the evaluation set.,Atelectasis,958,246,712,52,708,True,0.6692301543801955,0.36873154177523393
label,full_ft_k20_seed2027,full_ft_k20,val,uone_blankzero,Policy D,dicom_id,,958,367,0.38308977035490605,521,0.5438413361169102,0,0.0,4790,4790,1.0,5,0.6979060536675616,0.3328646950630324,0.6919850603623949,0.33206268603341293,True,True,True,True,True,True,True,True,All label instances remain in the evaluation set.,Cardiomegaly,958,234,724,29,661,True,0.6477074184256505,0.3329766451191668
label,full_ft_k20_seed2027,full_ft_k20,val,uone_blankzero,Policy D,dicom_id,,958,367,0.38308977035490605,521,0.5438413361169102,0,0.0,4790,4790,1.0,5,0.6979060536675616,0.3328646950630324,0.6919850603623949,0.33206268603341293,True,True,True,True,True,True,True,True,All label instances remain in the evaluation set.,Consolidation,958,76,882,24,855,True,0.6978010502446592,0.14652203467484703
label,full_ft_k20_seed2027,full_ft_k20,val,uone_blankzero,Policy D,dicom_id,,958,367,0.38308977035490605,521,0.5438413361169102,0,0.0,4790,4790,1.0,5,0.6979060536675616,0.3328646950630324,0.6919850603623949,0.33206268603341293,True,True,True,True,True,True,True,True,All label instances remain in the evaluation set.,Edema,958,191,767,60,669,True,0.7422063250441988,0.3613920733000725
label,full_ft_k20_seed2027,full_ft_k20,val,uone_blankzero,Policy D,dicom_id,,958,367,0.38308977035490605,521,0.5438413361169102,0,0.0,4790,4790,1.0,5,0.6979060536675616,0.3328646950630324,0.6919850603623949,0.33206268603341293,True,True,True,True,True,True,True,True,All label instances remain in the evaluation set.,Effusion,958,276,682,27,588,True,0.7325853202431043,0.4547011804458418
overall,full_ft_k20_seed2027,full_ft_k20,test,current_uzero_blankzero,Policy A,dicom_id,,596,131,0.2197986577181208,413,0.6929530201342282,0,0.0,2980,2980,1.0,5,0.6250119794250082,0.3456382132961079,0.6539826536763705,0.3565865853486726,True,True,True,True,True,True,True,True,All label instances remain in the evaluation set.,,,,,,,,,
label,full_ft_k20_seed2027,full_ft_k20,test,current_uzero_blankzero,Policy A,dicom_id,,596,131,0.2197986577181208,413,0.6929530201342282,0,0.0,2980,2980,1.0,5,0.6250119794250082,0.3456382132961079,0.6539826536763705,0.3565865853486726,True,True,True,True,True,True,True,True,All label instances remain in the evaluation set.,Atelectasis,596,170,426,32,387,True,0.5924330295498481,0.3501723016806003
label,full_ft_k20_seed2027,full_ft_k20,test,current_uzero_blankzero,Policy A,dicom_id,,596,131,0.2197986577181208,413,0.6929530201342282,0,0.0,2980,2980,1.0,5,0.6250119794250082,0.3456382132961079,0.6539826536763705,0.3565865853486726,True,True,True,True,True,True,True,True,All label instances remain in the evaluation set.,Cardiomegaly,596,159,437,13,370,True,0.5937711382640358,0.3353936963825382
label,full_ft_k20_seed2027,full_ft_k20,test,current_uzero_blankzero,Policy A,dicom_id,,596,131,0.2197986577181208,413,0.6929530201342282,0,0.0,2980,2980,1.0,5,0.6250119794250082,0.3456382132961079,0.6539826536763705,0.3565865853486726,True,True,True,True,True,True,True,True,All label instances remain in the evaluation set.,Consolidation,596,56,540,10,509,True,0.5238756613756614,0.10716615252001539
label,full_ft_k20_seed2027,full_ft_k20,test,current_uzero_blankzero,Policy A,dicom_id,,596,131,0.2197986577181208,413,0.6929530201342282,0,0.0,2980,2980,1.0,5,0.6250119794250082,0.3456382132961079,0.6539826536763705,0.3565865853486726,True,True,True,True,True,True,True,True,All label instances remain in the evaluation set.,Edema,596,128,468,44,345,True,0.732688969017094,0.400966380424696
label,full_ft_k20_seed2027,full_ft_k20,test,current_uzero_blankzero,Policy A,dicom_id,,596,131,0.2197986577181208,413,0.6929530201342282,0,0.0,2980,2980,1.0,5,0.6250119794250082,0.3456382132961079,0.6539826536763705,0.3565865853486726,True,True,True,True,True,True,True,True,All label instances remain in the evaluation set.,Effusion,596,219,377,27,280,True,0.6822910989184017,0.5344925354726893
overall,full_ft_k20_seed2027,full_ft_k20,test,uignore_blankzero,Policy B,dicom_id,,596,131,0.2197986577181208,413,0.6929530201342282,0,0.0,2854,2980,0.9577181208053691,5,0.6335186601159336,0.3701832655788993,0.6617371744359121,0.3791326479710323,True,True,True,True,True,True,False,False,"All five labels remain valid, but some label instances are masked.",,,,,,,,,
label,full_ft_k20_seed2027,full_ft_k20,test,uignore_blankzero,Policy B,dicom_id,,596,131,0.2197986577181208,413,0.6929530201342282,0,0.0,2854,2980,0.9577181208053691,5,0.6335186601159336,0.3701832655788993,0.6617371744359121,0.3791326479710323,True,True,True,True,True,True,False,False,"All five labels remain valid, but some label instances are masked.",Atelectasis,564,170,394,32,387,True,0.600522544042998,0.3728140330025267
label,full_ft_k20_seed2027,full_ft_k20,test,uignore_blankzero,Policy B,dicom_id,,596,131,0.2197986577181208,413,0.6929530201342282,0,0.0,2854,2980,0.9577181208053691,5,0.6335186601159336,0.3701832655788993,0.6617371744359121,0.3791326479710323,True,True,True,True,True,True,False,False,"All five labels remain valid, but some label instances are masked.",Cardiomegaly,583,159,424,13,370,True,0.5970837783315533,0.3451977013045421
label,full_ft_k20_seed2027,full_ft_k20,test,uignore_blankzero,Policy B,dicom_id,,596,131,0.2197986577181208,413,0.6929530201342282,0,0.0,2854,2980,0.9577181208053691,5,0.6335186601159336,0.3701832655788993,0.6617371744359121,0.3791326479710323,True,True,True,True,True,True,False,False,"All five labels remain valid, but some label instances are masked.",Consolidation,586,56,530,10,509,True,0.5271900269541779,0.10979573694598978
label,full_ft_k20_seed2027,full_ft_k20,test,uignore_blankzero,Policy B,dicom_id,,596,131,0.2197986577181208,413,0.6929530201342282,0,0.0,2854,2980,0.9577181208053691,5,0.6335186601159336,0.3701832655788993,0.6617371744359121,0.3791326479710323,True,True,True,True,True,True,False,False,"All five labels remain valid, but some label instances are masked.",Edema,552,128,424,44,345,True,0.7501289799528302,0.4637663673798473
label,full_ft_k20_seed2027,full_ft_k20,test,uignore_blankzero,Policy B,dicom_id,,596,131,0.2197986577181208,413,0.6929530201342282,0,0.0,2854,2980,0.9577181208053691,5,0.6335186601159336,0.3701832655788993,0.6617371744359121,0.3791326479710323,True,True,True,True,True,True,False,False,"All five labels remain valid, but some label instances are masked.",Effusion,569,219,350,27,280,True,0.6926679712981083,0.5593424892615906
overall,full_ft_k20_seed2027,full_ft_k20,test,uignore_blankignore,Policy C,dicom_id,,596,131,0.2197986577181208,413,0.6929530201342282,150,0.2516778523489933,963,2980,0.3231543624161074,5,0.6558263035104173,0.8622143056522328,0.7390532964303456,0.8860336433719305,True,True,True,True,True,True,False,False,"All five labels remain valid, but some label instances are masked.",,,,,,,,,
label,full_ft_k20_seed2027,full_ft_k20,test,uignore_blankignore,Policy C,dicom_id,,596,131,0.2197986577181208,413,0.6929530201342282,150,0.2516778523489933,963,2980,0.3231543624161074,5,0.6558263035104173,0.8622143056522328,0.7390532964303456,0.8860336433719305,True,True,True,True,True,True,False,False,"All five labels remain valid, but some label instances are masked.",Atelectasis,177,170,7,32,387,True,0.604201680672269,0.9749980355559015
label,full_ft_k20_seed2027,full_ft_k20,test,uignore_blankignore,Policy C,dicom_id,,596,131,0.2197986577181208,413,0.6929530201342282,150,0.2516778523489933,963,2980,0.3231543624161074,5,0.6558263035104173,0.8622143056522328,0.7390532964303456,0.8860336433719305,True,True,True,True,True,True,False,False,"All five labels remain valid, but some label instances are masked.",Cardiomegaly,213,159,54,13,370,True,0.6696948520847891,0.8353392776514362
label,full_ft_k20_seed2027,full_ft_k20,test,uignore_blankignore,Policy C,dicom_id,,596,131,0.2197986577181208,413,0.6929530201342282,150,0.2516778523489933,963,2980,0.3231543624161074,5,0.6558263035104173,0.8622143056522328,0.7390532964303456,0.8860336433719305,True,True,True,True,True,True,False,False,"All five labels remain valid, but some label instances are masked.",Consolidation,77,56,21,10,509,True,0.5144557823129252,0.7690531201608892
label,full_ft_k20_seed2027,full_ft_k20,test,uignore_blankignore,Policy C,dicom_id,,596,131,0.2197986577181208,413,0.6929530201342282,150,0.2516778523489933,963,2980,0.3231543624161074,5,0.6558263035104173,0.8622143056522328,0.7390532964303456,0.8860336433719305,True,True,True,True,True,True,False,False,"All five labels remain valid, but some label instances are masked.",Edema,207,128,79,44,345,True,0.7941060126582279,0.8724917049042291
label,full_ft_k20_seed2027,full_ft_k20,test,uignore_blankignore,Policy C,dicom_id,,596,131,0.2197986577181208,413,0.6929530201342282,150,0.2516778523489933,963,2980,0.3231543624161074,5,0.6558263035104173,0.8622143056522328,0.7390532964303456,0.8860336433719305,True,True,True,True,True,True,False,False,"All five labels remain valid, but some label instances are masked.",Effusion,289,219,70,27,280,True,0.6966731898238747,0.8591893899887076
overall,full_ft_k20_seed2027,full_ft_k20,test,uone_blankzero,Policy D,dicom_id,,596,131,0.2197986577181208,440,0.738255033557047,0,0.0,2980,2980,1.0,5,0.6347830803619721,0.40120579209333196,0.6579221124461464,0.4140423700870211,True,True,True,True,True,True,True,True,All label instances remain in the evaluation set.,,,,,,,,,
label,full_ft_k20_seed2027,full_ft_k20,test,uone_blankzero,Policy D,dicom_id,,596,131,0.2197986577181208,440,0.738255033557047,0,0.0,2980,2980,1.0,5,0.6347830803619721,0.40120579209333196,0.6579221124461464,0.4140423700870211,True,True,True,True,True,True,True,True,All label instances remain in the evaluation set.,Atelectasis,596,202,394,32,387,True,0.6010830778509323,0.4114924648405287
label,full_ft_k20_seed2027,full_ft_k20,test,uone_blankzero,Policy D,dicom_id,,596,131,0.2197986577181208,440,0.738255033557047,0,0.0,2980,2980,1.0,5,0.6347830803619721,0.40120579209333196,0.6579221124461464,0.4140423700870211,True,True,True,True,True,True,True,True,All label instances remain in the evaluation set.,Cardiomegaly,596,172,424,13,370,True,0.5976991004826677,0.3634900353330072
label,full_ft_k20_seed2027,full_ft_k20,test,uone_blankzero,Policy D,dicom_id,,596,131,0.2197986577181208,440,0.738255033557047,0,0.0,2980,2980,1.0,5,0.6347830803619721,0.40120579209333196,0.6579221124461464,0.4140423700870211,True,True,True,True,True,True,True,True,All label instances remain in the evaluation set.,Consolidation,596,66,530,10,509,True,0.5486563750714695,0.1311857356161204
label,full_ft_k20_seed2027,full_ft_k20,test,uone_blankzero,Policy D,dicom_id,,596,131,0.2197986577181208,440,0.738255033557047,0,0.0,2980,2980,1.0,5,0.6347830803619721,0.40120579209333196,0.6579221124461464,0.4140423700870211,True,True,True,True,True,True,True,True,All label instances remain in the evaluation set.,Edema,596,172,424,44,345,True,0.7352457218078104,0.5201194759333218
label,full_ft_k20_seed2027,full_ft_k20,test,uone_blankzero,Policy D,dicom_id,,596,131,0.2197986577181208,440,0.738255033557047,0,0.0,2980,2980,1.0,5,0.6347830803619721,0.40120579209333196,0.6579221124461464,0.4140423700870211,True,True,True,True,True,True,True,True,All label instances remain in the evaluation set.,Effusion,596,246,350,27,280,True,0.6912311265969803,0.5797412487436815
